ISO country code,Country,Sub-national region,World region,MPI National,MPI Regional,Headcount Ratio Regional,Intensity of deprivation Regional,lat,lng
AFG,Afghanistan,Badakhshan,South Asia,0.295,0.387,67.5,57.3,36.7347725,70.81199529999999
AFG,Afghanistan,Badghis,South Asia,0.295,0.466,79.3,58.8,35.1671339,63.7695384
AFG,Afghanistan,Baghlan,South Asia,0.295,0.3,59.7,50.3,35.8042947,69.2877535
AFG,Afghanistan,Balkh,South Asia,0.295,0.301,55.7,54.1,36.7550603,66.8975372
AFG,Afghanistan,Bamyan,South Asia,0.295,0.325,61.0,53.3,34.8100067,67.8212104
AFG,Afghanistan,Daykundi,South Asia,0.295,0.313,65.1,48.1,33.669495,66.0463534
AFG,Afghanistan,Farah,South Asia,0.295,0.319,61.4,52.0,32.4464635,62.1454133
AFG,Afghanistan,Faryab,South Asia,0.295,0.25,49.4,50.6,36.0795613,64.90595499999999
AFG,Afghanistan,Ghazni,South Asia,0.295,0.245,47.4,51.6,33.5450587,68.4173972
AFG,Afghanistan,Ghor,South Asia,0.295,0.384,74.6,51.5,34.0995776,64.90595499999999
AFG,Afghanistan,Helmand,South Asia,0.295,0.261,61.8,42.2,31.3636474,63.95861110000001
AFG,Afghanistan,Herat,South Asia,0.295,0.353,63.3,55.8,34.352865,62.20402869999999
AFG,Afghanistan,Jawzjan,South Asia,0.295,0.293,60.9,48.1,36.8969692,65.6658568
AFG,Afghanistan,Kabul,South Asia,0.295,0.117,25.3,46.1,34.5553494,69.207486
AFG,Afghanistan,Kandahar,South Asia,0.295,0.4370000000000001,72.1,60.7,31.628871,65.7371749
AFG,Afghanistan,Kapisa,South Asia,0.295,0.28,53.6,52.3,34.9810572,69.6214562
AFG,Afghanistan,Khost,South Asia,0.295,0.29600000000000004,57.8,51.1,33.3338472,69.9371673
AFG,Afghanistan,Kunarha,South Asia,0.295,0.269,58.3,46.2,34.8465893,71.097317
AFG,Afghanistan,Kunduz,South Asia,0.295,0.294,60.5,48.5,36.7285907,68.8680663
AFG,Afghanistan,Laghman,South Asia,0.295,0.369,70.4,52.4,34.6897687,70.1455805
AFG,Afghanistan,Logar,South Asia,0.295,0.187,41.4,45.2,34.0145518,69.1923916
AFG,Afghanistan,Nangarhar,South Asia,0.295,0.287,54.9,52.4,34.1718313,70.6216794
AFG,Afghanistan,Nimroz,South Asia,0.295,0.231,45.4,50.9,31.0261488,62.4504154
AFG,Afghanistan,Nooristan,South Asia,0.295,0.611,93.7,65.2,35.3250223,70.90712359999999
AFG,Afghanistan,Paktika,South Asia,0.295,0.13699999999999998,28.1,48.6,32.2645386,68.52471489999999
AFG,Afghanistan,Paktya,South Asia,0.295,0.218,45.2,48.3,33.706199,69.3831079
AFG,Afghanistan,Panjsher,South Asia,0.295,0.12,25.8,46.6,35.5025772,69.9550338
AFG,Afghanistan,Parwan,South Asia,0.295,0.294,58.6,50.1,34.9630977,68.81088489999999
AFG,Afghanistan,Samangan,South Asia,0.295,0.35,64.3,54.4,36.3155506,67.9642863
AFG,Afghanistan,Sar-E-Pul,South Asia,0.295,0.341,67.8,50.3,35.6707473,66.0463534
AFG,Afghanistan,Takhar,South Asia,0.295,0.361,65.1,55.4,36.6698013,69.4784541
AFG,Afghanistan,Urozgan,South Asia,0.295,0.624,94.5,66.0,32.9271287,66.1415263
AFG,Afghanistan,Wardak,South Asia,0.295,0.34,67.9,50.1,34.3513494,68.2385339
AFG,Afghanistan,Zabul,South Asia,0.295,0.175,34.6,50.4,32.1918782,67.1894488
BDI,Burundi,Bujumbura Mairie,Sub-Saharan Africa,0.454,0.16399999999999998,36.3,45.3,-3.4146958,29.3598782
BDI,Burundi,Nord,Sub-Saharan Africa,0.454,0.501,85.7,58.4,-3.373056,29.918886
BDI,Burundi,Centre-Est,Sub-Saharan Africa,0.454,0.473,83.6,56.5,9.0630758,7.4649479
BDI,Burundi,Ouest,Sub-Saharan Africa,0.454,0.499,87.8,56.8,-3.373056,29.918886
BDI,Burundi,Sud,Sub-Saharan Africa,0.454,0.422,78.9,53.5,-3.373056,29.918886
BEN,Benin,Alibori,Sub-Saharan Africa,0.307,0.528,92.7,57.0,10.9681093,2.7779813
BEN,Benin,Atacora,Sub-Saharan Africa,0.307,0.454,85.7,53.0,10.7954931,1.6760691
BEN,Benin,Atlantique,Sub-Saharan Africa,0.307,0.278,57.3,48.5,6.6588391,2.2236667
BEN,Benin,Borgou,Sub-Saharan Africa,0.307,0.35100000000000003,71.4,49.2,9.5340864,2.7779813
BEN,Benin,Collines,Sub-Saharan Africa,0.307,0.292,62.0,47.1,8.3022297,2.302446
BEN,Benin,Couffo,Sub-Saharan Africa,0.307,0.345,71.2,48.5,7.003589400000001,1.7538817
BEN,Benin,Donga,Sub-Saharan Africa,0.307,0.335,70.2,47.7,9.7191867,1.6760691
BEN,Benin,Littoral,Sub-Saharan Africa,0.307,0.083,20.1,41.4,6.3806973,2.4406387
BEN,Benin,Mono,Sub-Saharan Africa,0.307,0.259,56.1,46.1,6.6607182,1.7538817
BEN,Benin,Ouðmð,Sub-Saharan Africa,0.307,0.238,51.6,46.1,,
BEN,Benin,Plateau,Sub-Saharan Africa,0.307,0.34700000000000003,71.8,48.3,7.3445141,2.539603
BEN,Benin,Zou,Sub-Saharan Africa,0.307,0.334,67.3,49.7,7.346926799999999,2.0665197
BFA,Burkina Faso,Boucle de mouhoun,Sub-Saharan Africa,0.535,0.591,91.9,64.3,12.4166,-3.4195527
BFA,Burkina Faso,Cascades,Sub-Saharan Africa,0.535,0.493,84.4,58.4,10.4072992,-4.5624426
BFA,Burkina Faso,Centre,Sub-Saharan Africa,0.535,0.207,43.9,47.3,12.3425897,-1.443469
BFA,Burkina Faso,Centre-est,Sub-Saharan Africa,0.535,0.58,91.6,63.3,11.5247674,-0.1494988
BFA,Burkina Faso,Centre-nord,Sub-Saharan Africa,0.535,0.575,93.6,61.4,13.1724464,-0.9056623
BFA,Burkina Faso,Centre-ouest,Sub-Saharan Africa,0.535,0.5539999999999999,86.6,64.0,11.8798466,-2.302446
BFA,Burkina Faso,Centre-sud,Sub-Saharan Africa,0.535,0.513,86.8,59.1,11.5228911,-1.0586135
BFA,Burkina Faso,Est,Sub-Saharan Africa,0.535,0.698,96.7,72.2,12.4365526,0.9056623
BFA,Burkina Faso,Hauts basins,Sub-Saharan Africa,0.535,0.459,74.9,61.3,11.4942003,-4.2333355
BFA,Burkina Faso,Nord,Sub-Saharan Africa,0.535,0.581,89.2,65.1,13.718252,-2.302446
BFA,Burkina Faso,Plateau central,Sub-Saharan Africa,0.535,0.524,87.6,59.8,12.2537648,-0.7532808999999999
BFA,Burkina Faso,Sahel,Sub-Saharan Africa,0.535,0.69,97.0,71.1,14.1000865,-0.1494988
BFA,Burkina Faso,Sud-ouest,Sub-Saharan Africa,0.535,0.655,92.4,70.8,10.4231493,-3.2583626
BGD,Bangladesh,Barisal,South Asia,0.196,0.224,46.5,48.1,22.7010021,90.35345110000002
BGD,Bangladesh,Chittagong,South Asia,0.196,0.18600000000000005,38.9,47.9,22.356851,91.7831819
BGD,Bangladesh,Dhaka,South Asia,0.196,0.174,36.6,47.6,23.810332,90.4125181
BGD,Bangladesh,Khulna,South Asia,0.196,0.156,35.7,43.7,22.845641,89.5403279
BGD,Bangladesh,Rajshahi,South Asia,0.196,0.192,41.4,46.3,24.3635886,88.62413509999999
BGD,Bangladesh,Rangpur,South Asia,0.196,0.206,45.7,45.1,25.7438916,89.275227
BGD,Bangladesh,Sylhet,South Asia,0.196,0.32,61.9,51.8,24.8949294,91.8687063
BLZ,Belize,Corozal,Latin America and Caribbean,0.018000000000000002,0.026,6.2,41.6,18.4030802,-88.3967536
BLZ,Belize,Orange Walk,Latin America and Caribbean,0.018000000000000002,0.019,4.4,42.6,18.0842472,-88.5710266
BLZ,Belize,Belize (excluding Belize City South Side),Latin America and Caribbean,0.018000000000000002,0.005,1.4,37.5,17.4891317,-88.188656
BLZ,Belize,Stann Creek,Latin America and Caribbean,0.018000000000000002,0.013,3.6,36.2,16.8116631,-88.4016041
BLZ,Belize,Toledo,Latin America and Caribbean,0.018000000000000002,0.019,4.9,39.8,16.2491923,-88.86469799999999
BLZ,Belize,Cayo,Latin America and Caribbean,0.018000000000000002,0.054000000000000006,13.6,39.8,17.0984445,-88.94138650000001
BLZ,Belize,Belize City South Side,Latin America and Caribbean,0.018000000000000002,0.005,1.3,35.7,17.4891317,-88.188656
BOL,"Bolivia, Plurinational State of",Chuquisaca,Latin America and Caribbean,0.08900000000000001,0.145,31.8,45.4,-20.0249144,-64.1478236
BOL,"Bolivia, Plurinational State of",La Paz,Latin America and Caribbean,0.08900000000000001,0.077,18.4,41.8,-16.489689,-68.11929359999999
BOL,"Bolivia, Plurinational State of",Cochabamba,Latin America and Caribbean,0.08900000000000001,0.105,23.3,45.0,-17.4139766,-66.1653224
BOL,"Bolivia, Plurinational State of",Oruro,Latin America and Caribbean,0.08900000000000001,0.073,17.2,42.3,-17.9646772,-67.1060353
BOL,"Bolivia, Plurinational State of",Potosð,Latin America and Caribbean,0.08900000000000001,0.168,36.2,46.3,,
BOL,"Bolivia, Plurinational State of",Tarija,Latin America and Caribbean,0.08900000000000001,0.081,18.4,43.9,-21.5213825,-64.7280952
BOL,"Bolivia, Plurinational State of",Santa Cruz,Latin America and Caribbean,0.08900000000000001,0.043,10.4,40.9,-17.8145819,-63.1560853
BOL,"Bolivia, Plurinational State of",Beni,Latin America and Caribbean,0.08900000000000001,0.099,23.3,42.5,-14.3782747,-65.0957792
BOL,"Bolivia, Plurinational State of",Pando,Latin America and Caribbean,0.08900000000000001,0.087,21.8,39.8,-10.7988901,-66.9988011
BRA,Brazil,Acre,Latin America and Caribbean,0.021,0.07200000000000001,15.6,46.4,-9.0237964,-70.81199529999999
BRA,Brazil,Alagoas,Latin America and Caribbean,0.021,0.042,9.4,44.0,-9.5713058,-36.7819505
BRA,Brazil,Amapð,Latin America and Caribbean,0.021,0.022,5.1,42.9,,
BRA,Brazil,Amazonas,Latin America and Caribbean,0.021,0.044,10.3,42.7,-3.4168427,-65.8560646
BRA,Brazil,Bahia,Latin America and Caribbean,0.021,0.029,7.0,41.9,-12.579738,-41.7007272
BRA,Brazil,Cearð,Latin America and Caribbean,0.021,0.029,7.0,42.1,30.537147,-97.844248
BRA,Brazil,Distrito Federal,Latin America and Caribbean,0.021,0.008,2.3,35.0,-15.7997654,-47.8644715
BRA,Brazil,Espðrito Santo,Latin America and Caribbean,0.021,0.018000000000000002,4.8,36.9,-19.1834229,-40.3088626
BRA,Brazil,Goiðs,Latin America and Caribbean,0.021,0.017,4.1,40.5,,
BRA,Brazil,Maranhðo,Latin America and Caribbean,0.021,0.046,10.2,45.7,,
BRA,Brazil,Mato Grosso,Latin America and Caribbean,0.021,0.019,4.5,41.6,-12.6818712,-56.921099
BRA,Brazil,Mato Grosso do Sul,Latin America and Caribbean,0.021,0.019,4.3,43.0,-20.7722295,-54.7851531
BRA,Brazil,Minas Gerais,Latin America and Caribbean,0.021,0.021,5.4,38.8,-18.512178,-44.5550308
BRA,Brazil,Paranð,Latin America and Caribbean,0.021,0.016,4.0,38.7,-25.2520888,-52.0215415
BRA,Brazil,Paraðba,Latin America and Caribbean,0.021,0.032,7.6,41.9,,
BRA,Brazil,Parð,Latin America and Caribbean,0.021,0.035,7.8,45.0,,
BRA,Brazil,Pernambuco,Latin America and Caribbean,0.021,0.027000000000000003,6.5,42.2,-8.8137173,-36.954107
BRA,Brazil,Piauð,Latin America and Caribbean,0.021,0.039,8.8,43.9,,
BRA,Brazil,Rio Grande do Norte,Latin America and Caribbean,0.021,0.03,7.2,41.3,-5.402580299999999,-36.954107
BRA,Brazil,Rio Grande do Sul,Latin America and Caribbean,0.021,0.012,3.2,38.9,-30.0346316,-51.2176986
BRA,Brazil,Rio de Janeiro,Latin America and Caribbean,0.021,0.011,2.9,37.1,-22.9068467,-43.1728965
BRA,Brazil,Rondðnia,Latin America and Caribbean,0.021,0.024,5.5,43.6,-11.5057341,-63.580611
BRA,Brazil,Roraima,Latin America and Caribbean,0.021,0.029,7.1,40.4,2.7375971,-62.0750998
BRA,Brazil,Santa Catarina,Latin America and Caribbean,0.021,0.019,4.9,38.6,-27.2423392,-50.2188556
BRA,Brazil,Sergipe,Latin America and Caribbean,0.021,0.034,8.0,41.9,-10.5740934,-37.3856581
BRA,Brazil,Sðo Paulo,Latin America and Caribbean,0.021,0.012,3.4,35.4,-23.5671844,-46.7387185
BRA,Brazil,Tocantins,Latin America and Caribbean,0.021,0.03,7.3,41.2,-10.17528,-48.2982474
BTN,Bhutan,Bumthang,South Asia,0.119,0.042,10.7,39.0,27.641839,90.6773046
BTN,Bhutan,Chukha,South Asia,0.119,0.121,26.1,46.6,27.0784304,89.4742177
BTN,Bhutan,Dagana,South Asia,0.119,0.222,48.8,45.5,27.0322861,89.8879304
BTN,Bhutan,Haa,South Asia,0.119,0.059,14.9,39.8,27.2651669,89.1705998
BTN,Bhutan,Lhuntse,South Asia,0.119,0.151,36.1,41.7,27.8264989,91.13530200000001
BTN,Bhutan,Mongar,South Asia,0.119,0.165,37.4,44.1,27.2617059,91.28910359999999
BTN,Bhutan,Paro,South Asia,0.119,0.026,6.5,39.3,27.428684,89.41636539999999
BTN,Bhutan,Pemagatshel,South Asia,0.119,0.128,31.0,41.2,27.002382,91.3469247
BTN,Bhutan,Punakha,South Asia,0.119,0.08800000000000001,19.5,45.2,27.5920869,89.87974589999999
BTN,Bhutan,Samdrup Jongkhar,South Asia,0.119,0.149,34.5,43.2,26.8035682,91.5039207
BTN,Bhutan,Samtse,South Asia,0.119,0.197,43.2,45.6,27.0291832,89.0561532
BTN,Bhutan,Sarpang,South Asia,0.119,0.102,23.3,43.9,26.9373041,90.4879916
BTN,Bhutan,Thimphu,South Asia,0.119,0.016,4.3,37.8,27.4727924,89.6392863
BTN,Bhutan,Trashigang,South Asia,0.119,0.132,30.2,43.8,27.3325014,91.55234349999999
BTN,Bhutan,Trashiyangtse,South Asia,0.119,0.121,29.3,41.4,27.6825285,91.4821482
BTN,Bhutan,Trongsa,South Asia,0.119,0.14800000000000002,34.5,42.8,27.5002269,90.5080634
BTN,Bhutan,Tsirang,South Asia,0.119,0.196,46.0,42.6,27.032207,90.1869644
BTN,Bhutan,Wangdi,South Asia,0.119,0.099,22.7,43.5,27.4879018,89.8996196
BTN,Bhutan,Zhemgang,South Asia,0.119,0.184,42.1,43.8,27.076975,90.8294002
CAF,Central African Republic,Ombella-M'poko,Sub-Saharan Africa,0.43,0.403,76.6,52.7,5.1188825,18.4276047
CAF,Central African Republic,Lobaye,Sub-Saharan Africa,0.43,0.494,87.1,56.7,4.3525981,17.4795173
CAF,Central African Republic,Mambðrð-Kadði,Sub-Saharan Africa,0.43,0.4970000000000001,85.3,58.3,,
CAF,Central African Republic,Nana-Mambðrð,Sub-Saharan Africa,0.43,0.52,88.5,58.8,,
CAF,Central African Republic,Sangha-Mbaðrð,Sub-Saharan Africa,0.43,0.505,85.8,58.9,,
CAF,Central African Republic,Ouham-Pendð,Sub-Saharan Africa,0.43,0.479,86.1,55.6,,
CAF,Central African Republic,Ouham,Sub-Saharan Africa,0.43,0.5329999999999999,90.0,59.2,7.090910999999999,17.668887
CAF,Central African Republic,Kðmo,Sub-Saharan Africa,0.43,0.501,86.7,57.8,,
CAF,Central African Republic,Nana-Grðbizi,Sub-Saharan Africa,0.43,0.419,78.7,53.2,7.184860700000001,19.3783206
CAF,Central African Republic,Ouaka,Sub-Saharan Africa,0.43,0.471,85.0,55.5,6.3168216,20.7122465
CAF,Central African Republic,Haute-Kotto,Sub-Saharan Africa,0.43,0.42,77.7,54.0,7.7964379,23.3823545
CAF,Central African Republic,Bamingui-Bangoran,Sub-Saharan Africa,0.43,0.364,72.0,50.6,8.2733455,20.7122465
CAF,Central African Republic,Basse-Kotto,Sub-Saharan Africa,0.43,0.544,92.4,58.9,4.8719319,21.2845025
CAF,Central African Republic,Mbomou,Sub-Saharan Africa,0.43,0.491,89.7,54.8,5.556837000000001,23.7632828
CAF,Central African Republic,Haut-Mbomou,Sub-Saharan Africa,0.43,0.418,83.3,50.2,6.2537134,25.4733554
CAF,Central African Republic,Bangui,Sub-Saharan Africa,0.43,0.197,42.9,45.8,4.3946735,18.5581899
CHN,China,East,East Asia and the Pacific,0.017,0.008,1.9,40.6,42.4708235,-92.35764359999999
CHN,China,Central,East Asia and the Pacific,0.017,0.013,3.2,40.5,34.0125207,-117.6893121
CHN,China,West,East Asia and the Pacific,0.017,0.034,8.1,41.9,30.2955086,-97.7417655
CIV,Cote d'Ivoire,Centre,Sub-Saharan Africa,0.31,0.359,65.6,54.8,5.2954172,-3.9835142
CIV,Cote d'Ivoire,Centre-Est,Sub-Saharan Africa,0.31,0.297,57.1,52.0,,
CIV,Cote d'Ivoire,Centre-Nord,Sub-Saharan Africa,0.31,0.322,62.5,51.6,5.356142699999999,-3.9666402
CIV,Cote d'Ivoire,Centre-Ouest,Sub-Saharan Africa,0.31,0.334,63.3,52.7,,
CIV,Cote d'Ivoire,Nord,Sub-Saharan Africa,0.31,0.477,78.0,61.2,7.539988999999999,-5.547079999999999
CIV,Cote d'Ivoire,Nord-Est,Sub-Saharan Africa,0.31,0.374,69.3,54.0,5.3107834,-3.9444905
CIV,Cote d'Ivoire,Nord-Ouest,Sub-Saharan Africa,0.31,0.518,85.6,60.5,7.539988999999999,-5.547079999999999
CIV,Cote d'Ivoire,Ouest,Sub-Saharan Africa,0.31,0.38,72.0,52.7,7.539988999999999,-5.547079999999999
CIV,Cote d'Ivoire,Sud sans Abidjan,Sub-Saharan Africa,0.31,0.264,53.0,49.9,,
CIV,Cote d'Ivoire,Sud-ouest,Sub-Saharan Africa,0.31,0.394,75.2,52.4,4.7459773,-6.6143386
CIV,Cote d'Ivoire,Ville d'Abidjan,Sub-Saharan Africa,0.31,0.109,25.2,43.1,5.3599517,-4.0082563
CMR,Cameroon,Adamaoua,Sub-Saharan Africa,0.248,0.269,51.1,52.7,6.9181954,12.8054753
CMR,Cameroon,Centre (sans Yaoundð),Sub-Saharan Africa,0.248,0.179,41.8,42.7,,
CMR,Cameroon,Douala,Sub-Saharan Africa,0.248,0.024,6.7,36.4,4.0510564,9.7678687
CMR,Cameroon,Est,Sub-Saharan Africa,0.248,0.274,56.1,48.9,7.369721999999999,12.354722
CMR,Cameroon,Extrðme-Nord,Sub-Saharan Africa,0.248,0.54,86.7,62.3,,
CMR,Cameroon,Littoral (sans Douala),Sub-Saharan Africa,0.248,0.091,19.9,45.5,4.0134386,9.717007299999999
CMR,Cameroon,Nord,Sub-Saharan Africa,0.248,0.458,77.3,59.3,8.580901299999999,13.914399
CMR,Cameroon,Nord-Ouest,Sub-Saharan Africa,0.248,0.16699999999999998,38.8,43.1,6.470373899999999,10.439656
CMR,Cameroon,Ouest,Sub-Saharan Africa,0.248,0.146,35.1,41.8,5.4638158,10.8000051
CMR,Cameroon,Sud,Sub-Saharan Africa,0.248,0.131,30.8,42.4,2.7202832,11.7068294
CMR,Cameroon,Sud-Ouest,Sub-Saharan Africa,0.248,0.129,29.3,44.0,5.1573493,9.367308399999999
CMR,Cameroon,Yaoundð,Sub-Saharan Africa,0.248,0.026,6.5,40.3,,
COD,"Congo, Democratic Republic of the",Kinshasa,Sub-Saharan Africa,0.401,0.102,23.4,43.6,-4.4419311,15.2662931
COD,"Congo, Democratic Republic of the",Bandundu,Sub-Saharan Africa,0.401,0.435,83.7,52.0,-4.163679,18.8076195
COD,"Congo, Democratic Republic of the",Bas-Congo,Sub-Saharan Africa,0.401,0.393,74.2,53.0,-5.2365685,13.914399
COD,"Congo, Democratic Republic of the",ðquateur,Sub-Saharan Africa,0.401,0.48,87.5,54.8,,
COD,"Congo, Democratic Republic of the",Kasað-Occidental,Sub-Saharan Africa,0.401,0.49,87.1,56.2,,
COD,"Congo, Democratic Republic of the",Kasað-Oriental,Sub-Saharan Africa,0.401,0.431,80.7,53.4,,
COD,"Congo, Democratic Republic of the",Katanga,Sub-Saharan Africa,0.401,0.4,72.4,55.2,-8.8851145,26.419389
COD,"Congo, Democratic Republic of the",Maniema,Sub-Saharan Africa,0.401,0.409,78.0,52.4,-3.0730929,26.0413889
COD,"Congo, Democratic Republic of the",Nord-Kivu,Sub-Saharan Africa,0.401,0.349,67.0,52.1,-0.7917729,29.0459927
COD,"Congo, Democratic Republic of the",Orientale,Sub-Saharan Africa,0.401,0.401,77.4,51.8,1.6406296,26.419389
COD,"Congo, Democratic Republic of the",Sud-Kivu,Sub-Saharan Africa,0.401,0.462,82.9,55.8,-3.011658,28.299435
COG,"Congo, Republic of",Kouilou,Sub-Saharan Africa,0.181,0.35200000000000004,73.5,47.9,-4.1428413,11.8891721
COG,"Congo, Republic of",Niari,Sub-Saharan Africa,0.181,0.238,52.0,45.7,-3.18427,12.2547919
COG,"Congo, Republic of",Lðkoumou,Sub-Saharan Africa,0.181,0.32299999999999995,64.1,50.4,,
COG,"Congo, Republic of",Bouenza,Sub-Saharan Africa,0.181,0.274,56.2,48.7,-4.1128079,13.7289167
COG,"Congo, Republic of",Pool,Sub-Saharan Africa,0.181,0.299,65.0,46.0,-3.7762628,14.8454619
COG,"Congo, Republic of",Plateaux,Sub-Saharan Africa,0.181,0.35700000000000004,72.2,49.4,-2.0680088,15.4068079
COG,"Congo, Republic of",Cuvette,Sub-Saharan Africa,0.181,0.246,53.4,46.1,-0.2877446,16.1580937
COG,"Congo, Republic of",Cuvette-Ouest,Sub-Saharan Africa,0.181,0.312,66.5,46.9,0.144755,14.4723301
COG,"Congo, Republic of",Sangha,Sub-Saharan Africa,0.181,0.285,55.9,51.0,1.4662328,15.4068079
COG,"Congo, Republic of",Likouala,Sub-Saharan Africa,0.181,0.304,67.3,45.1,2.043924000000001,17.668887
COG,"Congo, Republic of",Brazzaville,Sub-Saharan Africa,0.181,0.103,24.7,41.8,-4.2633597,15.2428853
COG,"Congo, Republic of",Pointe-Noire,Sub-Saharan Africa,0.181,0.094,22.0,42.8,-4.7691623,11.866362
COL,Colombia,"Guajira, Cesar, Magdalena",Latin America and Caribbean,0.022,0.056,12.3,45.5,,
COL,Colombia,Barranquilla A. M.,Latin America and Caribbean,0.022,0.009000000000000001,2.5,35.9,11.0041072,-74.80698129999999
COL,Colombia,"Atlantico, San Andres, Bolivar Norte",Latin America and Caribbean,0.022,0.012,3.3,36.0,12.5450153,-81.7075787
COL,Colombia,"Bolivar Sur, Sucre, Cordoba",Latin America and Caribbean,0.022,0.061,14.7,41.4,,
COL,Colombia,Santanderes,Latin America and Caribbean,0.022,0.022,5.4,40.3,6.6437076,-73.65362089999999
COL,Colombia,"Boyaca, Cmarca, Meta",Latin America and Caribbean,0.022,0.018000000000000002,4.7,37.8,,
COL,Colombia,Medellin A.M.,Latin America and Caribbean,0.022,0.005,1.4,35.4,6.244203,-75.5812119
COL,Colombia,Antioquia Sin Medellin,Latin America and Caribbean,0.022,0.037000000000000005,9.0,40.8,6.243682,-75.56293400000001
COL,Colombia,"Caldas, Risaralda, Quindio",Latin America and Caribbean,0.022,0.009000000000000001,2.4,38.2,4.812571,-75.6944145
COL,Colombia,"Tolima, Huila, Caqueta",Latin America and Caribbean,0.022,0.027000000000000003,6.5,40.7,,
COL,Colombia,Cali A.M.,Latin America and Caribbean,0.022,0.005,1.4,35.8,,
COL,Colombia,Valle Sin Cali Ni Litoral,Latin America and Caribbean,0.022,0.012,3.3,37.1,,
COL,Colombia,Cauca Y Nariðo Sin Litoral,Latin America and Caribbean,0.022,0.039,8.9,44.4,,
COL,Colombia,Litoral Pacifico,Latin America and Caribbean,0.022,0.059,14.2,41.5,4.604658199999999,-74.068407
COL,Colombia,Bogota,Latin America and Caribbean,0.022,0.003,0.7,35.5,4.710988599999999,-74.072092
COL,Colombia,Orinoquia Y Amazonia,Latin America and Caribbean,0.022,0.028,7.1,39.9,,
COM,Comoros,Mwali (Mohðli),Sub-Saharan Africa,0.173,0.213,45.0,47.3,,
COM,Comoros,Ndzuwani (Ndzouani or Anjouan),Sub-Saharan Africa,0.173,0.22,42.8,51.5,-12.2138145,44.4370606
COM,Comoros,Ngazidja (Grande Comore),Sub-Saharan Africa,0.173,0.116,27.6,42.3,-11.7167338,43.3680788
DJI,Djibouti,Djibouti,Arab States,0.139,0.125,26.8,46.8,11.825138,42.590275
DJI,Djibouti,Other Districts,Arab States,0.139,0.214,44.0,48.7,,
DOM,Dominican Republic,Cibao Nordeste,Latin America and Caribbean,0.034,0.028,7.5,36.9,,
DOM,Dominican Republic,Cibao Noroeste,Latin America and Caribbean,0.034,0.047,11.6,40.3,18.8679349,-71.12255309999999
DOM,Dominican Republic,Cibao Norte,Latin America and Caribbean,0.034,0.028,7.6,37.2,18.4819717,-70.0035575
DOM,Dominican Republic,Cibao Sur,Latin America and Caribbean,0.034,0.03,8.1,36.5,18.8679349,-71.12255309999999
DOM,Dominican Republic,Del Yuma,Latin America and Caribbean,0.034,0.039,9.9,39.9,18.4296612,-68.67525499999999
DOM,Dominican Republic,El Valle,Latin America and Caribbean,0.034,0.078,18.0,43.3,19.2832805,-69.3326381
DOM,Dominican Republic,Enriquillo,Latin America and Caribbean,0.034,0.055,13.4,41.2,18.4787964,-71.59613279999999
DOM,Dominican Republic,Higuamo,Latin America and Caribbean,0.034,0.043,10.5,40.5,18.4414575,-69.3160626
DOM,Dominican Republic,Metropolitana,Latin America and Caribbean,0.034,0.028,7.5,36.7,18.4647825,-69.9365187
DOM,Dominican Republic,Valdesia,Latin America and Caribbean,0.034,0.04,10.1,39.8,18.41386,-70.277748
ECU,Ecuador,Mountains,Latin America and Caribbean,0.013,0.014,3.5,38.3,-1.4693018,-78.8169396
ECU,Ecuador,Coast,Latin America and Caribbean,0.013,0.01,2.6,37.6,-0.9422027,-80.7303634
ECU,Ecuador,Amazon,Latin America and Caribbean,0.013,0.046,11.2,41.3,-1.831239,-78.18340599999999
ECU,Ecuador,Galapagos Island,Latin America and Caribbean,0.013,0.003,0.8,36.5,-0.383106,-90.4233344
EGY,Egypt,Cairo,Arab States,0.014,0.006,1.8,33.9,30.0444196,31.2357116
EGY,Egypt,Alexandria,Arab States,0.014,0.004,1.3,33.3,31.2000924,29.9187387
EGY,Egypt,Port Said,Arab States,0.014,0.003,1.0,34.0,31.2652893,32.3018661
EGY,Egypt,Suez,Arab States,0.014,0.008,2.3,34.7,29.9668343,32.5498069
EGY,Egypt,Damietta,Arab States,0.014,0.011,3.1,37.3,31.4175388,31.81444339999999
EGY,Egypt,Dakahlia,Arab States,0.014,0.005,1.5,34.4,31.0832017,31.4913182
EGY,Egypt,Sharkia,Arab States,0.014,0.01,2.4,39.1,30.7326622,31.7195459
EGY,Egypt,Kalyubia,Arab States,0.014,0.005,1.4,35.4,30.3292368,31.2168466
EGY,Egypt,Kafr El-Sheikh,Arab States,0.014,0.006,1.7,34.6,31.1063198,30.9419751
EGY,Egypt,Gharbia,Arab States,0.014,0.006,1.6,36.5,30.8753556,31.03351
EGY,Egypt,Menoufia,Arab States,0.014,0.008,2.2,37.5,30.5972455,30.9876321
EGY,Egypt,Behera,Arab States,0.014,0.012,2.9,41.8,30.8480986,30.3435506
EGY,Egypt,Ismailia,Arab States,0.014,0.009000000000000001,2.5,35.5,30.5964923,32.2714587
EGY,Egypt,Giza,Arab States,0.014,0.018000000000000002,4.7,37.7,30.0130557,31.2088526
EGY,Egypt,Beni Suef,Arab States,0.014,0.017,4.7,35.9,29.0661274,31.0993845
EGY,Egypt,Fayoum,Arab States,0.014,0.022,5.8,38.8,29.3084021,30.8428497
EGY,Egypt,Menya,Arab States,0.014,0.022,5.7,38.6,28.0870967,30.7618397
EGY,Egypt,Assuit,Arab States,0.014,0.038,9.6,39.4,27.1783117,31.1859257
EGY,Egypt,Souhag,Arab States,0.014,0.035,8.6,40.4,26.5590737,31.6956705
EGY,Egypt,Qena,Arab States,0.014,0.015,4.2,35.4,26.155061,32.7160121
EGY,Egypt,Aswan,Arab States,0.014,0.013,3.4,37.8,24.088938,32.8998293
EGY,Egypt,Luxor,Arab States,0.014,0.015,4.0,38.4,25.6872431,32.6396357
EGY,Egypt,Red Sea,Arab States,0.014,0.015,3.7,41.0,20.280232,38.512573
EGY,Egypt,New Valley,Arab States,0.014,0.003,0.8,38.9,24.5455638,27.1735316
EGY,Egypt,Matroh,Arab States,0.014,0.036000000000000004,8.8,40.7,31.3543445,27.2373159
ETH,Ethiopia,Tigray,Sub-Saharan Africa,0.564,0.537,85.4,63.0,14.0323336,38.3165725
ETH,Ethiopia,Affar,Sub-Saharan Africa,0.564,0.6629999999999999,90.9,72.9,11.7559388,40.958688
ETH,Ethiopia,Amhara,Sub-Saharan Africa,0.564,0.588,90.1,65.2,11.3494247,37.9784585
ETH,Ethiopia,Oromiya,Sub-Saharan Africa,0.564,0.5920000000000001,91.2,64.8,7.546037699999999,40.6346851
ETH,Ethiopia,Somali,Sub-Saharan Africa,0.564,0.647,93.0,69.6,6.6612293,43.7908453
ETH,Ethiopia,Benishangul-Gumuz,Sub-Saharan Africa,0.564,0.584,89.8,65.1,10.7802889,35.5657862
ETH,Ethiopia,"Southern Nations, Nationalities, and People's Region",Sub-Saharan Africa,0.564,0.574,89.7,64.0,6.5156911,36.954107
ETH,Ethiopia,Gambela,Sub-Saharan Africa,0.564,0.474,81.2,58.4,8.2471899,34.5915966
ETH,Ethiopia,Harari,Sub-Saharan Africa,0.564,0.333,57.9,57.4,9.314866,42.1967716
ETH,Ethiopia,Addis Ababa,Sub-Saharan Africa,0.564,0.085,20.0,42.4,8.9806034,38.7577605
ETH,Ethiopia,Dire Dawa,Sub-Saharan Africa,0.564,0.338,54.9,61.6,9.6008747,41.850142
GAB,Gabon,Libreville/Port-Gentil,Sub-Saharan Africa,0.07,0.024,6.5,36.5,-0.7199639999999999,8.753584
GAB,Gabon,Estuaire (sans Libreville),Sub-Saharan Africa,0.07,0.063,16.2,39.2,0.456963,9.409852
GAB,Gabon,Haut-Ogoouð,Sub-Saharan Africa,0.07,0.092,21.1,43.6,,
GAB,Gabon,Moyen-Ogoouð,Sub-Saharan Africa,0.07,0.138,30.9,44.7,,
GAB,Gabon,Ngounið,Sub-Saharan Africa,0.07,0.184,40.8,45.2,,
GAB,Gabon,Nyanga,Sub-Saharan Africa,0.07,0.16,37.3,43.0,-2.8821033,11.1617356
GAB,Gabon,Ogoouð Maritime (sans Port-Gentil),Sub-Saharan Africa,0.07,0.076,17.9,42.5,,
GAB,Gabon,Ogoouð-Ivindo,Sub-Saharan Africa,0.07,0.264,53.7,49.0,,
GAB,Gabon,Ogoouð-Lolo,Sub-Saharan Africa,0.07,0.152,33.3,45.6,,
GAB,Gabon,Woleu-Nðtem,Sub-Saharan Africa,0.07,0.096,23.3,41.2,,
GHA,Ghana,Ashanti,Sub-Saharan Africa,0.156,0.101,22.7,44.4,6.7470436,-1.5208624
GHA,Ghana,Brong Ahafo,Sub-Saharan Africa,0.156,0.16,36.8,43.5,7.9559247,-1.6760691
GHA,Ghana,Central,Sub-Saharan Africa,0.156,0.171,36.0,47.4,5.5607846,-1.0586135
GHA,Ghana,Eastern,Sub-Saharan Africa,0.156,0.155,34.2,45.5,6.237403599999999,-0.4502368
GHA,Ghana,Greater Accra,Sub-Saharan Africa,0.156,0.058,14.2,41.0,5.8142836,0.0746767
GHA,Ghana,Northern,Sub-Saharan Africa,0.156,0.382,73.8,51.8,9.543926899999999,-0.9056623
GHA,Ghana,Upper East,Sub-Saharan Africa,0.156,0.289,61.6,47.0,10.7082499,-0.9820667999999999
GHA,Ghana,Upper West,Sub-Saharan Africa,0.156,0.259,54.3,47.8,10.2529757,-2.1450245
GHA,Ghana,Volta,Sub-Saharan Africa,0.156,0.138,31.8,43.5,6.5781373,0.4502368
GHA,Ghana,Western,Sub-Saharan Africa,0.156,0.122,28.4,42.9,5.3901978,-2.1450245
GIN,Guinea,Bokð,Sub-Saharan Africa,0.459,0.418,72.1,58.0,,
GIN,Guinea,Conakry,Sub-Saharan Africa,0.459,0.122,27.8,43.7,9.641185499999999,-13.5784012
GIN,Guinea,Faranah,Sub-Saharan Africa,0.459,0.599,92.2,64.9,10.0451022,-10.7492466
GIN,Guinea,Kankan,Sub-Saharan Africa,0.459,0.603,90.6,66.6,10.3827887,-9.311828199999999
GIN,Guinea,Kindia,Sub-Saharan Africa,0.459,0.503,79.6,63.2,10.0406725,-12.8629885
GIN,Guinea,Labð,Sub-Saharan Africa,0.459,0.5539999999999999,89.0,62.3,,
GIN,Guinea,Mamou,Sub-Saharan Africa,0.459,0.531,84.7,62.7,10.3785237,-12.0832543
GIN,Guinea,N'Zðrðkorð,Sub-Saharan Africa,0.459,0.509,87.2,58.4,,
GMB,Gambia,Banjul,Sub-Saharan Africa,0.32299999999999995,0.095,21.1,45.0,13.4548761,-16.5790323
GMB,Gambia,Kanifing,Sub-Saharan Africa,0.32299999999999995,0.157,32.7,48.2,13.4540922,-16.6733441
GMB,Gambia,Brikama,Sub-Saharan Africa,0.32299999999999995,0.242,50.6,47.7,13.2747943,-16.6409198
GMB,Gambia,Mansakonko,Sub-Saharan Africa,0.32299999999999995,0.35200000000000004,72.8,48.3,13.4595508,-15.5401101
GMB,Gambia,Kerewan,Sub-Saharan Africa,0.32299999999999995,0.397,71.1,55.9,13.4929172,-16.0904721
GMB,Gambia,Kuntaur,Sub-Saharan Africa,0.32299999999999995,0.555,91.9,60.4,13.6707177,-14.8899772
GMB,Gambia,Janjanbureh,Sub-Saharan Africa,0.32299999999999995,0.46,78.9,58.2,13.5336211,-14.7695962
GMB,Gambia,Basse,Sub-Saharan Africa,0.32299999999999995,0.524,89.2,58.7,13.3094412,-14.2192475
GNB,Guinea-Bissau,Bafata,Sub-Saharan Africa,0.371,0.545,86.6,62.9,12.1735243,-14.652952
GNB,Guinea-Bissau,Biombo,Sub-Saharan Africa,0.371,0.382,72.2,52.8,11.8529061,-15.7351171
GNB,Guinea-Bissau,Bolama,Sub-Saharan Africa,0.371,0.35200000000000004,69.0,51.0,11.1480591,-16.1345705
GNB,Guinea-Bissau,Cacheu,Sub-Saharan Africa,0.371,0.335,68.1,49.2,12.2732631,-16.1669156
GNB,Guinea-Bissau,Gabu,Sub-Saharan Africa,0.371,0.544,87.1,62.5,11.8962488,-14.1001326
GNB,Guinea-Bissau,Oio,Sub-Saharan Africa,0.371,0.505,84.1,60.1,12.2760709,-15.3131185
GNB,Guinea-Bissau,Quinara,Sub-Saharan Africa,0.371,0.414,76.9,53.8,11.795562,-15.1726816
GNB,Guinea-Bissau,Tombali,Sub-Saharan Africa,0.371,0.43,79.5,54.1,11.3632696,-14.9856176
GNB,Guinea-Bissau,Sab,Sub-Saharan Africa,0.371,0.163,37.1,44.0,,
GTM,Guatemala,Alta Verapaz,Latin America and Caribbean,0.113,0.214,47.0,45.6,15.5942883,-90.14949879999999
GTM,Guatemala,Baja Verapaz,Latin America and Caribbean,0.113,0.147,31.9,46.0,15.0787498,-90.4125181
GTM,Guatemala,Chimaltenango,Latin America and Caribbean,0.113,0.08199999999999999,18.4,44.7,14.6631591,-90.8246386
GTM,Guatemala,Chiquimula,Latin America and Caribbean,0.113,0.2,40.8,48.9,14.7924897,-89.5450458
GTM,Guatemala,El Progreso,Latin America and Caribbean,0.113,0.07,15.6,45.2,14.8921637,-90.0373201
GTM,Guatemala,Escuintla,Latin America and Caribbean,0.113,0.067,16.1,41.5,14.3009252,-90.7881835
GTM,Guatemala,Guatemala Municipio,Latin America and Caribbean,0.113,0.014,3.3,42.7,14.6349149,-90.5068824
GTM,Guatemala,Guatemala Resto,Latin America and Caribbean,0.113,0.036000000000000004,8.4,43.4,29.54526929999999,-95.11027329999999
GTM,Guatemala,Huehuetenango,Latin America and Caribbean,0.113,0.187,38.2,48.9,15.3198766,-91.4918235
GTM,Guatemala,Izabal,Latin America and Caribbean,0.113,0.106,24.2,43.8,15.5918066,-88.94138650000001
GTM,Guatemala,Jalapa,Latin America and Caribbean,0.113,0.165,33.9,48.6,14.5655154,-89.9253233
GTM,Guatemala,Jutiapa,Latin America and Caribbean,0.113,0.113,24.6,45.8,14.1930802,-89.9253233
GTM,Guatemala,Peten,Latin America and Caribbean,0.113,0.134,29.8,44.8,16.912033,-90.2995785
GTM,Guatemala,Quetzaltenango,Latin America and Caribbean,0.113,0.094,21.1,44.5,14.8520705,-91.5305465
GTM,Guatemala,Quiche,Latin America and Caribbean,0.113,0.193,41.5,46.4,15.4983808,-90.9820668
GTM,Guatemala,Retalhuleu,Latin America and Caribbean,0.113,0.1,22.8,43.8,14.5245485,-91.685788
GTM,Guatemala,Sacatepequez,Latin America and Caribbean,0.113,0.048,11.7,41.3,14.6110576,-90.7152749
GTM,Guatemala,San Marcos,Latin America and Caribbean,0.113,0.123,27.1,45.3,14.9609782,-91.80745859999999
GTM,Guatemala,Santa Rosa,Latin America and Caribbean,0.113,0.093,21.3,43.7,14.1928003,-90.37483540000001
GTM,Guatemala,Solola,Latin America and Caribbean,0.113,0.09,20.9,43.2,14.7666085,-91.17850159999999
GTM,Guatemala,Suchitepequez,Latin America and Caribbean,0.113,0.112,26.2,42.7,14.4215982,-91.4048249
GTM,Guatemala,Totonicapan,Latin America and Caribbean,0.113,0.121,26.3,46.1,14.9173402,-91.36139229999999
GTM,Guatemala,Zacapa,Latin America and Caribbean,0.113,0.112,23.9,46.8,14.9676218,-89.5356094
GUY,Guyana,Barima-Waini,Latin America and Caribbean,0.013,0.057,15.0,38.0,7.488241899999999,-59.6564494
GUY,Guyana,Cuyuni-Mazaruni and Potaro-Siparuni,Latin America and Caribbean,0.013,0.095,22.1,42.8,6.4642141,-60.21107519999999
GUY,Guyana,Demerara-Mahaica,Latin America and Caribbean,0.013,0.004,1.2,36.7,6.546425999999999,-58.0982046
GUY,Guyana,East Berbice-Corentyne,Latin America and Caribbean,0.013,0.006,1.7,37.6,2.7477922,-57.4627259
GUY,Guyana,Essequibo Islands-West Demerara,Latin America and Caribbean,0.013,0.005,1.3,38.2,6.5720132,-58.4629997
GUY,Guyana,Mahaica-Berbice,Latin America and Caribbean,0.013,0.006,1.5,38.2,6.238496,-57.9162555
GUY,Guyana,Pomeroon-Supenaam,Latin America and Caribbean,0.013,0.014,3.5,40.4,7.1294166,-58.9206295
GUY,Guyana,Upper Demerara-Berbice,Latin America and Caribbean,0.013,0.004,1.1,37.0,5.3064879,-58.18929209999999
GUY,Guyana,Upper Takutu-Upper Essequibo,Latin America and Caribbean,0.013,0.145,34.0,42.6,2.9239595,-58.73736339999999
HND,Honduras,Atlðntida,Latin America and Caribbean,0.07200000000000001,0.045,10.1,45.1,,
HND,Honduras,Colðn,Latin America and Caribbean,0.07200000000000001,0.058,13.4,43.5,,
HND,Honduras,Comayagua,Latin America and Caribbean,0.07200000000000001,0.077,16.7,46.1,14.5534828,-87.6186379
HND,Honduras,Copðn,Latin America and Caribbean,0.07200000000000001,0.161,33.2,48.4,,
HND,Honduras,Cortðs,Latin America and Caribbean,0.07200000000000001,0.026,6.0,42.5,,
HND,Honduras,Choluteca,Latin America and Caribbean,0.07200000000000001,0.108,23.4,46.0,13.3198572,-87.1622344
HND,Honduras,El Paraðso,Latin America and Caribbean,0.07200000000000001,0.095,20.9,45.2,,
HND,Honduras,Francisco Morazðn,Latin America and Caribbean,0.07200000000000001,0.031,6.9,44.3,,
HND,Honduras,Gracias a Dios,Latin America and Caribbean,0.07200000000000001,0.124,29.5,42.2,15.341806,-84.6060449
HND,Honduras,Intibucð,Latin America and Caribbean,0.07200000000000001,0.139,29.9,46.4,,
HND,Honduras,Islas de la Bahða,Latin America and Caribbean,0.07200000000000001,0.017,4.5,38.2,,
HND,Honduras,La Paz,Latin America and Caribbean,0.07200000000000001,0.107,23.5,45.6,13.9984833,-87.9334803
HND,Honduras,Lempira,Latin America and Caribbean,0.07200000000000001,0.201,41.9,48.0,14.1887698,-88.55653099999999
HND,Honduras,Ocotepeque,Latin America and Caribbean,0.07200000000000001,0.109,22.5,48.2,14.4345368,-89.1836929
HND,Honduras,Olancho,Latin America and Caribbean,0.07200000000000001,0.08900000000000001,19.2,46.5,14.8067406,-85.76666449999999
HND,Honduras,Santa Bðrbara,Latin America and Caribbean,0.07200000000000001,0.076,16.9,45.1,,
HND,Honduras,Valle,Latin America and Caribbean,0.07200000000000001,0.068,15.7,43.1,13.5782936,-87.5791287
HND,Honduras,Yoro,Latin America and Caribbean,0.07200000000000001,0.073,16.4,44.6,15.1369653,-87.1273253
HTI,Haiti,Aire Mðtropolitaine/Reste-Ouest,Latin America and Caribbean,0.248,0.162,33.6,48.1,,
HTI,Haiti,Sud-Est,Latin America and Caribbean,0.248,0.307,62.6,49.1,18.2783598,-72.35479149999999
HTI,Haiti,Nord,Latin America and Caribbean,0.248,0.244,48.4,50.5,19.5687715,-72.189
HTI,Haiti,Nord-Est,Latin America and Caribbean,0.248,0.32299999999999995,62.8,51.4,19.4889723,-71.8571331
HTI,Haiti,Artibonite,Latin America and Caribbean,0.248,0.316,60.6,52.1,19.362902,-72.4258145
HTI,Haiti,Centre,Latin America and Caribbean,0.248,0.391,73.6,53.1,18.9582742,-72.0468164
HTI,Haiti,Sud,Latin America and Caribbean,0.248,0.249,50.4,49.4,18.3320005,-73.7007088
HTI,Haiti,Grande-Anse,Latin America and Caribbean,0.248,0.378,71.8,52.6,18.5489259,-74.07701
HTI,Haiti,Nord-Ouest,Latin America and Caribbean,0.248,0.311,62.8,49.6,19.8374009,-73.0405277
HTI,Haiti,Nippes,Latin America and Caribbean,0.248,0.257,53.7,47.9,18.3990735,-73.4180211
IDN,Indonesia,Aceh,East Asia and the Pacific,0.066,0.077,18.3,42.0,4.695135,96.7493993
IDN,Indonesia,North Sumatera,East Asia and the Pacific,0.066,0.071,16.0,44.3,2.1153547,99.54509739999999
IDN,Indonesia,West Sumatera,East Asia and the Pacific,0.066,0.056,13.5,41.2,-0.7399397,100.8000051
IDN,Indonesia,Riau,East Asia and the Pacific,0.066,0.053,13.2,40.2,0.2933469,101.7068294
IDN,Indonesia,Jambi,East Asia and the Pacific,0.066,0.07200000000000001,17.0,42.4,-1.6101229,103.6131203
IDN,Indonesia,South Sumatera,East Asia and the Pacific,0.066,0.054000000000000006,12.7,42.0,-3.3194374,103.914399
IDN,Indonesia,Bengkulu,East Asia and the Pacific,0.066,0.059,13.4,44.1,-3.792845099999999,102.2607641
IDN,Indonesia,Lampung,East Asia and the Pacific,0.066,0.065,15.2,42.9,-4.5585849,105.4068079
IDN,Indonesia,Bangka Belitung,East Asia and the Pacific,0.066,0.053,13.4,39.2,-2.7410513,106.4405872
IDN,Indonesia,Riau Islands,East Asia and the Pacific,0.066,0.041,10.1,40.2,3.9456514,108.1428669
IDN,Indonesia,DKI Jakarta,East Asia and the Pacific,0.066,0.029,7.8,36.8,-6.17511,106.8650395
IDN,Indonesia,West Java,East Asia and the Pacific,0.066,0.057,14.4,39.5,-7.090910999999999,107.668887
IDN,Indonesia,Central Java,East Asia and the Pacific,0.066,0.053,12.9,41.3,-7.150975,110.1402594
IDN,Indonesia,DI Yogyakarta,East Asia and the Pacific,0.066,0.025,6.3,38.7,-7.875384899999999,110.4262088
IDN,Indonesia,East Java,East Asia and the Pacific,0.066,0.055,13.0,42.5,-7.5360639,112.2384017
IDN,Indonesia,Banten,East Asia and the Pacific,0.066,0.075,17.5,42.7,-6.4058172,106.0640179
IDN,Indonesia,Bali,East Asia and the Pacific,0.066,0.042,10.3,40.9,-8.4095178,115.188916
IDN,Indonesia,West Nusa Tenggara,East Asia and the Pacific,0.066,0.121,26.6,45.3,-8.6529334,117.3616476
IDN,Indonesia,East Nusa Tenggara,East Asia and the Pacific,0.066,0.16399999999999998,34.0,48.3,-8.657381899999999,121.0793705
IDN,Indonesia,West Kalimantan,East Asia and the Pacific,0.066,0.086,18.6,46.2,-0.2787808,111.4752851
IDN,Indonesia,Central Kalimantan,East Asia and the Pacific,0.066,0.084,19.1,44.3,-1.6814878,113.3823545
IDN,Indonesia,South Kalimantan,East Asia and the Pacific,0.066,0.085,18.5,45.9,-3.0926415,115.2837585
IDN,Indonesia,East Kalimantan,East Asia and the Pacific,0.066,0.058,14.1,41.3,0.5386586,116.419389
IDN,Indonesia,North Sulawesi,East Asia and the Pacific,0.066,0.059,13.1,45.2,0.6246932,123.9750018
IDN,Indonesia,Central Sulawesi,East Asia and the Pacific,0.066,0.132,27.8,47.5,-1.4300254,121.4456179
IDN,Indonesia,South Sulawesi,East Asia and the Pacific,0.066,0.063,15.3,41.5,-3.6687994,119.9740534
IDN,Indonesia,Southeast Sulawesi,East Asia and the Pacific,0.066,0.109,23.0,47.3,-4.144909999999999,122.174605
IDN,Indonesia,Gorontalo,East Asia and the Pacific,0.066,0.128,26.6,47.9,0.5435441999999999,123.0567693
IDN,Indonesia,West Sulawesi,East Asia and the Pacific,0.066,0.161,31.8,50.6,-2.8441371,119.2320784
IDN,Indonesia,Maluku,East Asia and the Pacific,0.066,0.105,23.0,45.8,-3.2384616,130.1452734
IDN,Indonesia,North Maluku,East Asia and the Pacific,0.066,0.129,28.2,45.7,1.5709993,127.8087693
IDN,Indonesia,West Papua,East Asia and the Pacific,0.066,0.122,25.2,48.5,-1.3361154,133.1747162
IDN,Indonesia,Papua,East Asia and the Pacific,0.066,0.234,44.6,52.6,-4.269928,138.0803529
IRQ,Iraq,Dohuk,Arab States,0.045,0.031,8.7,35.3,36.8679054,42.9488574
IRQ,Iraq,Ninewa,Arab States,0.045,0.054000000000000006,13.8,39.2,36.229574,42.2362435
IRQ,Iraq,Suleimaniya,Arab States,0.045,0.01,2.7,34.9,35.5570454,45.4359425
IRQ,Iraq,Kirkuk,Arab States,0.045,0.035,9.8,35.5,35.4655761,44.38039209999999
IRQ,Iraq,Erbil,Arab States,0.045,0.031,8.2,37.7,36.2062933,44.0088697
IRQ,Iraq,Diyala,Arab States,0.045,0.038,10.0,37.9,33.7733487,45.1494505
IRQ,Iraq,Al-Anbar,Arab States,0.045,0.052000000000000005,14.0,37.3,32.5597614,41.9196471
IRQ,Iraq,Baghdad,Arab States,0.045,0.027000000000000003,7.5,36.0,33.3128057,44.3614875
IRQ,Iraq,Babil,Arab States,0.045,0.042,10.8,38.4,32.468191,44.5501935
IRQ,Iraq,Karbala,Arab States,0.045,0.053,12.4,43.0,32.6068464,44.0103922
IRQ,Iraq,Wasit,Arab States,0.045,0.058,14.2,40.8,32.6024094,45.7520985
IRQ,Iraq,Salahaddin,Arab States,0.045,0.054000000000000006,13.8,39.1,34.5337527,43.483738
IRQ,Iraq,Al-Najaf,Arab States,0.045,0.055,14.1,39.0,32.027376,44.3331165
IRQ,Iraq,Al-Qadisiya,Arab States,0.045,0.08199999999999999,19.6,42.1,32.043691,45.1494505
IRQ,Iraq,Al-Muthanna,Arab States,0.045,0.079,19.9,39.5,29.9133171,45.29938620000001
IRQ,Iraq,Thi-Qar,Arab States,0.045,0.06,15.3,39.5,31.1042292,46.3624686
IRQ,Iraq,Missan,Arab States,0.045,0.098,24.1,40.6,31.8734002,47.1362125
IRQ,Iraq,Basrah,Arab States,0.045,0.045,12.5,35.9,30.5081033,47.7834888
JAM,Jamaica,Kingston,Latin America and Caribbean,0.006999999999999999,0.009000000000000001,2.2,39.1,18.0178743,-76.8099041
JAM,Jamaica,St.  Andrew,Latin America and Caribbean,0.006999999999999999,0.006999999999999999,1.9,39.8,18.0391345,-76.7567368
JAM,Jamaica,St. Thomas,Latin America and Caribbean,0.006999999999999999,0.006,1.5,41.4,17.9700261,-76.4331698
JAM,Jamaica,Portland,Latin America and Caribbean,0.006999999999999999,0.004,1.2,36.1,18.0844274,-76.4100267
JAM,Jamaica,St. Mary,Latin America and Caribbean,0.006999999999999999,0.009000000000000001,2.7,34.9,18.3092711,-76.964306
JAM,Jamaica,St. Ann,Latin America and Caribbean,0.006999999999999999,0.004,1.1,38.3,18.3281428,-77.2405153
JAM,Jamaica,Trelawny,Latin America and Caribbean,0.006999999999999999,0.016,3.8,41.4,18.3526143,-77.6077865
JAM,Jamaica,St. James,Latin America and Caribbean,0.006999999999999999,0.003,0.7,38.5,18.3923184,-77.85959629999999
JAM,Jamaica,Hanover,Latin America and Caribbean,0.006999999999999999,0.006999999999999999,1.9,35.4,18.4097707,-78.13363799999999
JAM,Jamaica,Westmoreland,Latin America and Caribbean,0.006999999999999999,0.004,1.0,40.2,18.2944378,-78.1564432
JAM,Jamaica,St. Elizabeth,Latin America and Caribbean,0.006999999999999999,0.013,3.2,41.5,18.0788461,-77.69941969999999
JAM,Jamaica,Manchester,Latin America and Caribbean,0.006999999999999999,0.006,1.5,36.6,18.0669654,-77.5160788
JAM,Jamaica,Clarendon,Latin America and Caribbean,0.006999999999999999,0.014,3.7,37.9,17.9557183,-77.2405153
JAM,Jamaica,St. Catherine,Latin America and Caribbean,0.006999999999999999,0.004,0.8,41.8,18.0364134,-77.0564464
JOR,Jordan,Central,Arab States,0.006,0.005,1.6,34.9,30.585164,36.238414
JOR,Jordan,North,Arab States,0.006,0.006,1.8,35.5,30.585164,36.238414
JOR,Jordan,South,Arab States,0.006,0.008,2.2,34.2,40.5621704,-111.929658
KEN,Kenya,Central,Sub-Saharan Africa,0.187,0.075,18.2,40.9,-0.023559,37.906193
KEN,Kenya,Coast,Sub-Saharan Africa,0.187,0.242,49.5,48.8,-4.0146986,39.6918143
KEN,Kenya,Eastern,Sub-Saharan Africa,0.187,0.19,41.9,45.3,0.7137256,35.517938
KEN,Kenya,Nairobi,Sub-Saharan Africa,0.187,0.02,4.8,41.9,-1.2920659,36.8219462
KEN,Kenya,North Eastern,Sub-Saharan Africa,0.187,0.509,83.3,61.1,-0.0190061,37.6480812
KEN,Kenya,Nyanza,Sub-Saharan Africa,0.187,0.211,47.7,44.2,-1.2849963,36.8272273
KEN,Kenya,Rift Valley,Sub-Saharan Africa,0.187,0.205,42.4,48.3,-0.023559,37.906193
KEN,Kenya,Western,Sub-Saharan Africa,0.187,0.223,50.0,44.5,-0.115003,34.851379
KHM,Cambodia,Banteay Mean Chey,East Asia and the Pacific,0.146,0.097,22.6,42.7,13.6672596,102.8975098
KHM,Cambodia,Battambang & Pailin,East Asia and the Pacific,0.146,0.104,22.8,45.4,,
KHM,Cambodia,Kampong Cham,East Asia and the Pacific,0.146,0.16,37.4,42.9,11.9924294,105.4645408
KHM,Cambodia,Kampong Chhnang,East Asia and the Pacific,0.146,0.193,44.6,43.3,12.1392352,104.5655273
KHM,Cambodia,Kampong Speu,East Asia and the Pacific,0.146,0.182,42.5,42.7,11.6155109,104.3791912
KHM,Cambodia,Kampong Thom,East Asia and the Pacific,0.146,0.183,41.0,44.5,12.90616,105.2194808
KHM,Cambodia,Kampot & Kep,East Asia and the Pacific,0.146,0.155,35.1,44.2,10.5942421,104.1640355
KHM,Cambodia,Kandal,East Asia and the Pacific,0.146,0.121,29.3,41.3,11.2237383,105.1258955
KHM,Cambodia,Kratie,East Asia and the Pacific,0.146,0.274,55.6,49.3,12.4896877,106.0287512
KHM,Cambodia,Mondol Kiri & Rattanak Kiri,East Asia and the Pacific,0.146,0.28,54.4,51.5,,
KHM,Cambodia,Otdar Mean Chey,East Asia and the Pacific,0.146,0.196,45.7,43.0,14.1717195,103.6362715
KHM,Cambodia,Phnom Penh,East Asia and the Pacific,0.146,0.026,7.0,38.0,11.5563738,104.9282099
KHM,Cambodia,Preah Sihanouk & Kaoh Kong,East Asia and the Pacific,0.146,0.091,19.8,45.8,10.6253016,103.5233963
KHM,Cambodia,Preah Vihear & Steung Treng,East Asia and the Pacific,0.146,0.304,62.2,48.8,14.3915607,104.680174
KHM,Cambodia,Prey Veng,East Asia and the Pacific,0.146,0.12,28.1,42.7,11.3802442,105.5005483
KHM,Cambodia,Pursat,East Asia and the Pacific,0.146,0.221,47.2,46.7,12.4651824,103.8911999
KHM,Cambodia,Siem Reap,East Asia and the Pacific,0.146,0.204,43.3,47.1,13.3550091,103.855173
KHM,Cambodia,Svay Rieng,East Asia and the Pacific,0.146,0.1,24.8,40.2,11.142722,105.8290298
KHM,Cambodia,Takeo,East Asia and the Pacific,0.146,0.106,25.8,41.2,10.9321519,104.798771
LAO,Lao People's Democratic Republic,Vientiane Capital,East Asia and the Pacific,0.174,0.012,2.8,41.1,17.9757058,102.6331035
LAO,Lao People's Democratic Republic,Phongsaly,East Asia and the Pacific,0.174,0.311,56.1,55.5,21.5919377,102.2547919
LAO,Lao People's Democratic Republic,Luangnamtha,East Asia and the Pacific,0.174,0.165,35.5,46.5,20.9170187,101.1617356
LAO,Lao People's Democratic Republic,Oudomxay,East Asia and the Pacific,0.174,0.248,50.2,49.5,20.4921929,101.8891721
LAO,Lao People's Democratic Republic,Bokeo,East Asia and the Pacific,0.174,0.212,39.8,53.4,20.2872662,100.7097867
LAO,Lao People's Democratic Republic,Luangprabang,East Asia and the Pacific,0.174,0.18,36.4,49.6,20.0656229,102.6216211
LAO,Lao People's Democratic Republic,Huaphanh,East Asia and the Pacific,0.174,0.184,37.9,48.5,20.3254175,104.1001326
LAO,Lao People's Democratic Republic,Xayabury,East Asia and the Pacific,0.174,0.079,17.9,43.9,19.1945799,101.483498
LAO,Lao People's Democratic Republic,Xiengkhuang,East Asia and the Pacific,0.174,0.16399999999999998,33.2,49.4,19.6093003,103.7289167
LAO,Lao People's Democratic Republic,Vientiane,East Asia and the Pacific,0.174,0.063,14.2,44.7,17.9757058,102.6331035
LAO,Lao People's Democratic Republic,Borikhamxay,East Asia and the Pacific,0.174,0.063,14.1,44.5,18.4362924,104.4723301
LAO,Lao People's Democratic Republic,Khammuane,East Asia and the Pacific,0.174,0.2,40.1,49.9,17.6384066,105.2194808
LAO,Lao People's Democratic Republic,Savannakhet,East Asia and the Pacific,0.174,0.262,49.7,52.8,16.5722464,104.7705509
LAO,Lao People's Democratic Republic,Saravane,East Asia and the Pacific,0.174,0.359,62.8,57.2,15.8171073,106.2522143
LAO,Lao People's Democratic Republic,Sekong,East Asia and the Pacific,0.174,0.254,50.0,50.9,15.5767446,107.0067031
LAO,Lao People's Democratic Republic,Champasack,East Asia and the Pacific,0.174,0.149,31.4,47.6,14.6578664,105.9699878
LAO,Lao People's Democratic Republic,Attapeu,East Asia and the Pacific,0.174,0.215,43.3,49.8,14.93634,107.1011931
LBR,Liberia,Bomi,Sub-Saharan Africa,0.374,0.407,79.1,51.4,6.7562926,-10.8451467
LBR,Liberia,Bong,Sub-Saharan Africa,0.374,0.508,83.9,60.6,6.829501899999999,-9.367308399999999
LBR,Liberia,Gbarpolu,Sub-Saharan Africa,0.374,0.505,86.3,58.5,7.495263700000001,-10.0807298
LBR,Liberia,Grand Bassa,Sub-Saharan Africa,0.374,0.527,86.7,60.7,6.2308452,-9.8124935
LBR,Liberia,Grand Cape Mount,Sub-Saharan Africa,0.374,0.482,85.6,56.3,7.0467758,-11.0711758
LBR,Liberia,Grand Gedeh,Sub-Saharan Africa,0.374,0.349,74.9,46.6,5.9222078,-8.2212979
LBR,Liberia,Grand Kru,Sub-Saharan Africa,0.374,0.48,90.6,52.9,4.7613862,-8.2212979
LBR,Liberia,Lofa,Sub-Saharan Africa,0.374,0.457,83.1,55.0,8.191118399999999,-9.7232673
LBR,Liberia,Margibi,Sub-Saharan Africa,0.374,0.364,72.7,50.1,6.5151875,-10.3048897
LBR,Liberia,Maryland,Sub-Saharan Africa,0.374,0.388,77.3,50.2,4.7258878,-7.741670300000001
LBR,Liberia,Montserrado,Sub-Saharan Africa,0.374,0.25,54.2,46.2,6.5525815,-10.5296115
LBR,Liberia,Nimba,Sub-Saharan Africa,0.374,0.377,72.0,52.4,6.8427612,-8.6600586
LBR,Liberia,River Cess,Sub-Saharan Africa,0.374,0.536,94.5,56.7,5.902532799999999,-9.456155
LBR,Liberia,River Gee,Sub-Saharan Africa,0.374,0.433,81.4,53.1,5.2604894,-7.872159999999999
LBR,Liberia,Sinoe,Sub-Saharan Africa,0.374,0.445,84.4,52.7,5.49871,-8.6600586
LSO,Lesotho,Berea,Sub-Saharan Africa,0.14,0.106,26.0,40.6,-29.1746723,27.8311428
LSO,Lesotho,Botha-Bothe,Sub-Saharan Africa,0.14,0.149,33.2,44.9,-28.801561,28.5331038
LSO,Lesotho,Leribe,Sub-Saharan Africa,0.14,0.106,25.6,41.4,-28.8638065,28.0478826
LSO,Lesotho,Mafeteng,Sub-Saharan Africa,0.14,0.131,31.3,41.9,-29.8224312,27.2388161
LSO,Lesotho,Maseru,Sub-Saharan Africa,0.14,0.08199999999999999,19.7,41.5,-29.3150767,27.4869229
LSO,Lesotho,Mohale'S Hoek,Sub-Saharan Africa,0.14,0.17800000000000002,38.3,46.5,-30.1425917,27.4673845
LSO,Lesotho,Mokhotlong,Sub-Saharan Africa,0.14,0.29100000000000004,61.5,47.3,-29.2875557,29.06053889999999
LSO,Lesotho,Qacha'S-Nek,Sub-Saharan Africa,0.14,0.173,40.8,42.5,-30.1114565,28.678979
LSO,Lesotho,Quthing,Sub-Saharan Africa,0.14,0.151,34.4,43.8,-30.32464959999999,28.0186087
LSO,Lesotho,Thaba Tseka,Sub-Saharan Africa,0.14,0.267,56.8,47.0,-29.5238975,28.6089752
MAR,Morocco,Sahara,Arab States,0.067,0.017,4.2,39.6,31.791702,-7.092619999999999
MAR,Morocco,Souss-Massa-Draa,Arab States,0.067,0.102,22.4,45.7,31.12001849999999,-6.0679194
MAR,Morocco,El Gharb-Chrarda Bni Hssen,Arab States,0.067,0.084,19.5,43.2,34.5434461,-5.898713900000001
MAR,Morocco,Chaouia Ourdigha,Arab States,0.067,0.066,15.8,41.6,33.0473251,-7.265285799999999
MAR,Morocco,Marrakech-Tensift-El Haouz,Arab States,0.067,0.131,28.3,46.2,31.5628076,-7.959286299999999
MAR,Morocco,Rðgion Oriental,Arab States,0.067,0.049,12.0,40.6,,
MAR,Morocco,Grand Casablanca,Arab States,0.067,0.003,0.7,39.6,33.52059330000001,-7.5680595
MAR,Morocco,Rabat-Salð-Zemmour-Zair,Arab States,0.067,0.016,4.2,38.9,33.9715904,-6.8498129
MAR,Morocco,Doukkala-Abda,Arab States,0.067,0.06,14.2,42.3,32.5997754,-8.6600586
MAR,Morocco,Tadla-Azilal,Arab States,0.067,0.07,16.7,42.2,32.004262,-6.5783387
MAR,Morocco,Meknes-Tafilalet,Arab States,0.067,0.037000000000000005,9.2,40.6,31.9051275,-4.7277528
MAR,Morocco,Fes-Boulemane,Arab States,0.067,0.042,10.1,41.7,33.1870471,-4.2333355
MAR,Morocco,Taza-Al Hoceima-Taounate,Arab States,0.067,0.123,28.0,44.0,34.2581709,-4.2333355
MAR,Morocco,Tanger-Tetouan,Arab States,0.067,0.083,19.0,43.7,35.2629558,-5.5617279
MDG,Madagascar,Analamanga,Sub-Saharan Africa,0.35700000000000004,0.17800000000000002,36.5,48.6,-18.382333,47.2923893
MDG,Madagascar,Vakinankaratra,Sub-Saharan Africa,0.35700000000000004,0.35700000000000004,70.2,50.9,-19.7184663,46.670534
MDG,Madagascar,Itasy,Sub-Saharan Africa,0.35700000000000004,0.397,73.8,53.8,-18.9006786,46.9805103
MDG,Madagascar,Bongolava,Sub-Saharan Africa,0.35700000000000004,0.319,68.3,46.7,-18.6336864,46.0563212
MDG,Madagascar,Haute Matsiatra,Sub-Saharan Africa,0.35700000000000004,0.4,73.5,54.5,-21.3390868,46.516262
MDG,Madagascar,Anamoroni'i Mania,Sub-Saharan Africa,0.35700000000000004,0.409,71.2,57.4,,
MDG,Madagascar,Vatovavy Fitovinany,Sub-Saharan Africa,0.35700000000000004,0.514,89.7,57.3,-21.3205653,47.92182039999999
MDG,Madagascar,Ihorombe,Sub-Saharan Africa,0.35700000000000004,0.448,82.9,54.0,-22.6558058,46.3624686
MDG,Madagascar,Atsimo Atsinanana,Sub-Saharan Africa,0.35700000000000004,0.531,89.8,59.1,-23.5819954,47.2923893
MDG,Madagascar,Atsinanana,Sub-Saharan Africa,0.35700000000000004,0.269,53.8,49.9,-18.8131481,48.8799972
MDG,Madagascar,Analanjirofo,Sub-Saharan Africa,0.35700000000000004,0.383,73.3,52.3,-16.507537,49.5279996
MDG,Madagascar,Alaotra Mangoro,Sub-Saharan Africa,0.35700000000000004,0.309,63.9,48.4,-18.0284909,48.2393528
MDG,Madagascar,Boeny,Sub-Saharan Africa,0.35700000000000004,0.31,58.0,53.5,-16.3645202,45.9039689
MDG,Madagascar,Sofia,Sub-Saharan Africa,0.35700000000000004,0.32,61.9,51.7,-15.4135578,48.0803529
MDG,Madagascar,Betsiboka,Sub-Saharan Africa,0.35700000000000004,0.433,76.0,57.0,-17.5475916,47.2151898
MDG,Madagascar,Melaky,Sub-Saharan Africa,0.35700000000000004,0.509,86.9,58.6,-17.3776488,44.7006138
MDG,Madagascar,Atsimo Andrefana,Sub-Saharan Africa,0.35700000000000004,0.4270000000000001,74.9,57.0,-23.1485269,44.3992892
MDG,Madagascar,Androy,Sub-Saharan Africa,0.35700000000000004,0.547,93.0,58.8,-24.7497835,45.4498065
MDG,Madagascar,Anosy,Sub-Saharan Africa,0.35700000000000004,0.486,83.2,58.5,-23.5579591,45.9039689
MDG,Madagascar,Menabe,Sub-Saharan Africa,0.35700000000000004,0.417,77.5,53.8,-20.3446313,44.7006138
MDG,Madagascar,Diana,Sub-Saharan Africa,0.35700000000000004,0.294,60.0,49.1,-13.4086535,49.2030851
MDG,Madagascar,Sava,Sub-Saharan Africa,0.35700000000000004,0.327,65.9,49.7,-14.4407175,49.8547266
MLI,Mali,Kayes,Sub-Saharan Africa,0.457,0.485,82.8,58.6,14.4367876,-11.4452717
MLI,Mali,Koulikoro,Sub-Saharan Africa,0.457,0.44,75.5,58.2,13.8018074,-7.4381355
MLI,Mali,Sikasso,Sub-Saharan Africa,0.457,0.484,83.8,57.8,11.3223834,-5.6983979
MLI,Mali,Sðgou,Sub-Saharan Africa,0.457,0.498,83.2,59.8,,
MLI,Mali,Mopti,Sub-Saharan Africa,0.457,0.594,90.5,65.6,14.4874284,-4.1974627
MLI,Mali,Bamako,Sub-Saharan Africa,0.457,0.168,37.3,44.9,12.6392316,-8.0028892
MMR,Myanmar,Ayeyarwaddy,East Asia and the Pacific,0.134,0.171,39.0,43.8,17.0342125,95.22666749999999
MMR,Myanmar,Bago,East Asia and the Pacific,0.134,0.129,30.6,42.3,17.3220711,96.4663286
MMR,Myanmar,Chin,East Asia and the Pacific,0.134,0.152,33.8,44.9,22.3896751,93.5812692
MMR,Myanmar,Kachin,East Asia and the Pacific,0.134,0.083,19.0,43.9,25.850904,97.4381355
MMR,Myanmar,Kayah,East Asia and the Pacific,0.134,0.099,23.0,43.2,19.2342061,97.26528580000002
MMR,Myanmar,Kayin,East Asia and the Pacific,0.134,0.183,36.9,49.6,16.9459346,97.9592863
MMR,Myanmar,Magway,East Asia and the Pacific,0.134,0.114,27.4,41.7,20.1544305,94.9454803
MMR,Myanmar,Mandalay,East Asia and the Pacific,0.134,0.099,24.1,41.0,21.9588282,96.0891032
MMR,Myanmar,Mon,East Asia and the Pacific,0.134,0.109,24.8,43.7,17.0626039,97.35165579999999
MMR,Myanmar,Naypyitaw,East Asia and the Pacific,0.134,0.11,26.1,42.1,19.7633057,96.07851040000001
MMR,Myanmar,Rakhine,East Asia and the Pacific,0.134,0.258,51.3,50.2,19.810093,93.9878427
MMR,Myanmar,Sagaing,East Asia and the Pacific,0.134,0.134,31.6,42.6,21.9159702,95.9621106
MMR,Myanmar,Shan,East Asia and the Pacific,0.134,0.194,39.5,49.3,22.0361985,98.1338558
MMR,Myanmar,Taninthayi,East Asia and the Pacific,0.134,0.129,28.9,44.7,12.4706876,99.0128926
MMR,Myanmar,Yangon,East Asia and the Pacific,0.134,0.051,12.5,40.8,16.8660694,96.19513200000002
MNG,Mongolia,Central,East Asia and the Pacific,0.041,0.041,9.9,41.0,47.2124056,106.41541
MNG,Mongolia,Eastern,East Asia and the Pacific,0.041,0.044,11.1,39.9,47.4658154,115.392712
MNG,Mongolia,Khangai,East Asia and the Pacific,0.041,0.075,18.3,41.0,47.5,100
MNG,Mongolia,Ulaanbaatar,East Asia and the Pacific,0.041,0.006,1.7,35.3,47.88639879999999,106.9057439
MNG,Mongolia,Western,East Asia and the Pacific,0.041,0.09,21.2,42.5,48.963603,89.935224
MOZ,Mozambique,Niassa,Sub-Saharan Africa,0.389,0.443,79.0,56.1,-12.7826202,36.6093926
MOZ,Mozambique,Cabo Delgado,Sub-Saharan Africa,0.389,0.525,87.0,60.4,-12.3335474,39.3206241
MOZ,Mozambique,Nampula,Sub-Saharan Africa,0.389,0.4,74.0,54.0,-15.1266347,39.2687161
MOZ,Mozambique,Zambðzia,Sub-Saharan Africa,0.389,0.528,88.1,60.0,,
MOZ,Mozambique,Tete,Sub-Saharan Africa,0.389,0.466,80.5,57.9,-16.1328104,33.6063855
MOZ,Mozambique,Manica,Sub-Saharan Africa,0.389,0.301,60.7,49.6,-18.9438274,32.8648538
MOZ,Mozambique,Sofala,Sub-Saharan Africa,0.389,0.381,69.8,54.6,-19.2039073,34.8624166
MOZ,Mozambique,Inhambane,Sub-Saharan Africa,0.389,0.295,60.1,49.1,-23.8662153,35.3826756
MOZ,Mozambique,Gaza,Sub-Saharan Africa,0.389,0.306,60.1,51.0,-23.0221928,32.7181375
MOZ,Mozambique,Maputo Provðncia,Sub-Saharan Africa,0.389,0.133,28.4,46.9,,
MOZ,Mozambique,Maputo Cidade,Sub-Saharan Africa,0.389,0.043,10.5,41.3,-25.969248,32.5731746
MRT,Mauritania,Hodh Charghy,Sub-Saharan Africa,0.285,0.412,75.3,54.7,,
MRT,Mauritania,Hodh Gharby,Sub-Saharan Africa,0.285,0.438,77.1,56.9,16.6912149,-9.5450974
MRT,Mauritania,Assaba,Sub-Saharan Africa,0.285,0.419,71.6,58.4,16.7759558,-11.5248055
MRT,Mauritania,Gorgol,Sub-Saharan Africa,0.285,0.46,79.0,58.1,15.9717357,-12.6216211
MRT,Mauritania,Brakna,Sub-Saharan Africa,0.285,0.307,58.2,52.7,17.2317561,-13.1740348
MRT,Mauritania,Trarza,Sub-Saharan Africa,0.285,0.181,38.6,46.9,17.8664964,-14.6587821
MRT,Mauritania,Adrar,Sub-Saharan Africa,0.285,0.184,36.6,50.3,19.8652176,-12.8054753
MRT,Mauritania,Dakhlett Nouadibou,Sub-Saharan Africa,0.285,0.039,9.3,42.1,20.5985588,-16.2522143
MRT,Mauritania,Tagant,Sub-Saharan Africa,0.285,0.322,61.9,52.0,18.5467527,-9.9018131
MRT,Mauritania,Guidimagha,Sub-Saharan Africa,0.285,0.499,81.7,61.1,15.2557331,-12.2547919
MRT,Mauritania,Tirs-Ezemour,Sub-Saharan Africa,0.285,0.085,18.9,45.2,24.5773764,-9.9018131
MRT,Mauritania,Nouakchott,Sub-Saharan Africa,0.285,0.102,22.3,45.7,18.0735299,-15.9582372
MWI,Malawi,Balaka,Sub-Saharan Africa,0.251,0.28300000000000003,61.6,45.9,-14.9876054,34.9561748
MWI,Malawi,Blantyre City,Sub-Saharan Africa,0.251,0.118,27.3,43.1,-15.7666707,35.0167866
MWI,Malawi,Blantyre Rural,Sub-Saharan Africa,0.251,0.245,54.6,44.9,,
MWI,Malawi,Chikwawa,Sub-Saharan Africa,0.251,0.292,61.8,47.3,-16.0437784,34.8016945
MWI,Malawi,Chitipa,Sub-Saharan Africa,0.251,0.161,38.8,41.5,-9.7037655,33.2700253
MWI,Malawi,Chradzulu,Sub-Saharan Africa,0.251,0.241,54.2,44.5,-15.6759485,35.1406293
MWI,Malawi,Dedza,Sub-Saharan Africa,0.251,0.314,65.3,48.1,-14.3816618,34.3254842
MWI,Malawi,Dowa,Sub-Saharan Africa,0.251,0.267,56.4,47.3,-13.6514687,33.9359756
MWI,Malawi,Karonga,Sub-Saharan Africa,0.251,0.204,48.0,42.4,-9.952536,33.9248222
MWI,Malawi,Kasungu,Sub-Saharan Africa,0.251,0.244,53.8,45.3,-13.0356794,33.4719832
MWI,Malawi,Likoma,Sub-Saharan Africa,0.251,0.114,27.6,41.3,-12.0584005,34.7354031
MWI,Malawi,Lilongwe City,Sub-Saharan Africa,0.251,0.092,22.0,41.6,-13.9626121,33.7741195
MWI,Malawi,Lilongwe Rural,Sub-Saharan Africa,0.251,0.28600000000000003,60.7,47.0,,
MWI,Malawi,Machinga,Sub-Saharan Africa,0.251,0.322,66.6,48.4,-14.9407263,35.4781926
MWI,Malawi,Mangochi,Sub-Saharan Africa,0.251,0.302,60.6,49.9,-14.4861733,35.253304
MWI,Malawi,Mchinji,Sub-Saharan Africa,0.251,0.314,66.6,47.1,-13.8000058,32.8930441
MWI,Malawi,Mulange,Sub-Saharan Africa,0.251,0.28600000000000003,60.8,47.0,-16.0252339,35.5083136
MWI,Malawi,Mwanza,Sub-Saharan Africa,0.251,0.254,51.4,49.4,-15.5997929,34.5140637
MWI,Malawi,Mzimba,Sub-Saharan Africa,0.251,0.205,45.6,44.9,-11.8991825,33.5923941
MWI,Malawi,Mzuzu City,Sub-Saharan Africa,0.251,0.034,9.2,36.8,-11.4389649,34.0084395
MWI,Malawi,Ndanje,Sub-Saharan Africa,0.251,0.285,59.1,48.2,-16.9205934,35.253304
MWI,Malawi,Neno,Sub-Saharan Africa,0.251,0.316,65.7,48.1,-15.6850711,34.5749882
MWI,Malawi,Nkhatabay,Sub-Saharan Africa,0.251,0.215,48.2,44.7,-11.6085556,34.2949409
MWI,Malawi,Nkhota Kota,Sub-Saharan Africa,0.251,0.245,51.9,47.2,-12.9316863,34.2810541
MWI,Malawi,Ntcheu,Sub-Saharan Africa,0.251,0.211,49.2,43.0,-14.9037538,34.7740793
MWI,Malawi,Ntchisi,Sub-Saharan Africa,0.251,0.259,55.6,46.6,-13.2841992,33.88577470000001
MWI,Malawi,Phalombe,Sub-Saharan Africa,0.251,0.293,60.8,48.2,-15.7092038,35.6532848
MWI,Malawi,Rumphi,Sub-Saharan Africa,0.251,0.205,49.2,41.7,-11.0171949,33.8550829
MWI,Malawi,Salima,Sub-Saharan Africa,0.251,0.334,66.8,50.0,-13.7795533,34.458641
MWI,Malawi,Thyolo,Sub-Saharan Africa,0.251,0.259,55.4,46.8,-16.069257,35.1406293
MWI,Malawi,Zomba City,Sub-Saharan Africa,0.251,0.053,12.2,42.9,-15.3765857,35.3356518
MWI,Malawi,Zomba Rural,Sub-Saharan Africa,0.251,0.27,57.5,47.0,-15.2807455,35.3991867
NAM,Namibia,Caprivi,Sub-Saharan Africa,0.193,0.174,40.0,43.5,-17.8682455,23.5728501
NAM,Namibia,Erongo,Sub-Saharan Africa,0.193,0.044,11.2,39.1,-22.2565682,15.4068079
NAM,Namibia,Hardap,Sub-Saharan Africa,0.193,0.103,24.2,42.7,-24.2310134,17.668887
NAM,Namibia,Karas,Sub-Saharan Africa,0.193,0.098,22.5,43.6,-26.8429645,17.2902839
NAM,Namibia,Kavango,Sub-Saharan Africa,0.193,0.373,74.3,50.2,-18.271048,18.4276047
NAM,Namibia,Khomas,Sub-Saharan Africa,0.193,0.06,15.7,38.4,-22.6377854,17.1011931
NAM,Namibia,Kunene,Sub-Saharan Africa,0.193,0.238,48.7,48.9,-19.4086317,13.914399
NAM,Namibia,Ohangwena,Sub-Saharan Africa,0.193,0.348,70.9,49.1,-17.5979291,16.8178377
NAM,Namibia,Omaheke,Sub-Saharan Africa,0.193,0.232,46.8,49.5,-21.8466651,19.1880047
NAM,Namibia,Omusati,Sub-Saharan Africa,0.193,0.28300000000000003,62.9,45.0,-18.4070294,14.8454619
NAM,Namibia,Oshana,Sub-Saharan Africa,0.193,0.156,39.3,39.7,-18.4305064,15.6881788
NAM,Namibia,Oshikoto,Sub-Saharan Africa,0.193,0.218,47.9,45.6,-18.4152575,16.912251
NAM,Namibia,Otjozondjupa,Sub-Saharan Africa,0.193,0.116,24.7,47.1,-20.5486916,17.668887
NER,Niger,Agadez,Sub-Saharan Africa,0.605,0.405,69.9,58.0,16.9741689,7.986535
NER,Niger,Diffa,Sub-Saharan Africa,0.605,0.556,90.3,61.5,13.3132472,12.6158803
NER,Niger,Dosso,Sub-Saharan Africa,0.605,0.62,92.8,66.8,13.0504833,3.2080991
NER,Niger,Maradi,Sub-Saharan Africa,0.605,0.664,94.1,70.6,13.5009779,7.103639599999999
NER,Niger,Tahoua,Sub-Saharan Africa,0.605,0.6459999999999999,92.9,69.5,14.8904575,5.2579968
NER,Niger,Tillaberi,Sub-Saharan Africa,0.605,0.609,92.0,66.1,14.6489525,2.1450245
NER,Niger,Zinder,Sub-Saharan Africa,0.605,0.6409999999999999,93.6,68.5,13.8018124,8.98527
NER,Niger,Niamey,Sub-Saharan Africa,0.605,0.206,42.1,49.0,13.5115963,2.1253854
NGA,Nigeria,Sokoto,Sub-Saharan Africa,0.303,0.5479999999999999,85.3,64.2,13.0058731,5.2475518
NGA,Nigeria,Zamfara,Sub-Saharan Africa,0.303,0.605,91.9,65.8,12.1844159,6.2375947
NGA,Nigeria,Katsina,Sub-Saharan Africa,0.303,0.52,82.2,63.2,12.9815608,7.622266499999999
NGA,Nigeria,Jigawa,Sub-Saharan Africa,0.303,0.552,88.4,62.4,12.4460001,9.7232673
NGA,Nigeria,Yobe,Sub-Saharan Africa,0.303,0.635,90.2,70.4,12.1871412,11.7068294
NGA,Nigeria,Borno,Sub-Saharan Africa,0.303,0.401,70.1,57.2,12.1205201,13.1740348
NGA,Nigeria,Adamawa,Sub-Saharan Africa,0.303,0.295,59.0,49.9,9.3250497,12.4380581
NGA,Nigeria,Gombe,Sub-Saharan Africa,0.303,0.471,76.9,61.2,10.279142,11.1730615
NGA,Nigeria,Bauchi,Sub-Saharan Africa,0.303,0.583,86.6,67.3,10.3009641,9.8236533
NGA,Nigeria,Kano,Sub-Saharan Africa,0.303,0.434,76.4,56.8,12.0021794,8.591956099999999
NGA,Nigeria,Kaduna,Sub-Saharan Africa,0.303,0.311,56.5,55.1,10.5104642,7.4165053
NGA,Nigeria,Kebbi,Sub-Saharan Africa,0.303,0.5529999999999999,86.0,64.3,11.6781241,4.0695454
NGA,Nigeria,Niger,Sub-Saharan Africa,0.303,0.324,61.2,52.9,17.607789,8.081666
NGA,Nigeria,FCT-Abuja,Sub-Saharan Africa,0.303,0.108,23.5,45.7,8.8556838,7.179025999999999
NGA,Nigeria,Nasarawa,Sub-Saharan Africa,0.303,0.251,52.4,48.0,8.5705151,8.3088441
NGA,Nigeria,Plateau,Sub-Saharan Africa,0.303,0.273,51.6,52.9,9.244568,9.367308399999999
NGA,Nigeria,Taraba,Sub-Saharan Africa,0.303,0.448,77.7,57.7,8.0054917,10.2600125
NGA,Nigeria,Benue,Sub-Saharan Africa,0.303,0.28,59.2,47.3,7.350825899999999,8.8362755
NGA,Nigeria,Kogi,Sub-Saharan Africa,0.303,0.113,26.1,43.2,7.9075486,6.5783387
NGA,Nigeria,Kwara,Sub-Saharan Africa,0.303,0.099,23.7,41.9,8.9847995,4.5624426
NGA,Nigeria,Oyo,Sub-Saharan Africa,0.303,0.155,29.4,52.7,7.842957900000001,3.9368439
NGA,Nigeria,Osun,Sub-Saharan Africa,0.303,0.043,10.9,39.7,7.5875843,4.5624426
NGA,Nigeria,Ekiti,Sub-Saharan Africa,0.303,0.051,12.9,39.6,7.665581299999999,5.3102505
NGA,Nigeria,Ondo,Sub-Saharan Africa,0.303,0.127,27.9,45.4,7.1000051,4.8416936
NGA,Nigeria,Edo,Sub-Saharan Africa,0.303,0.08,19.2,41.5,6.5438101,5.898713900000001
NGA,Nigeria,Anambra,Sub-Saharan Africa,0.303,0.05,11.2,44.5,6.2757656,7.0068393
NGA,Nigeria,Enugu,Sub-Saharan Africa,0.303,0.123,28.8,42.6,6.4583661,7.5463885
NGA,Nigeria,Ebonyi,Sub-Saharan Africa,0.303,0.265,56.0,47.3,6.177973,7.959286299999999
NGA,Nigeria,Cross River,Sub-Saharan Africa,0.303,0.146,33.1,44.2,6.167031499999999,8.6600586
NGA,Nigeria,Akwa Ibom,Sub-Saharan Africa,0.303,0.099,23.8,41.6,4.929986899999999,7.872159999999999
NGA,Nigeria,Abia,Sub-Saharan Africa,0.303,0.08800000000000001,21.0,42.0,5.430892099999999,7.524724300000001
NGA,Nigeria,Imo,Sub-Saharan Africa,0.303,0.083,19.8,41.9,5.6038994,7.0068393
NGA,Nigeria,Rivers,Sub-Saharan Africa,0.303,0.08800000000000001,21.1,41.6,4.8580767,6.920913499999999
NGA,Nigeria,Bayelsa,Sub-Saharan Africa,0.303,0.12,29.0,41.4,4.867776699999999,5.898713900000001
NGA,Nigeria,Delta,Sub-Saharan Africa,0.303,0.107,25.1,42.5,5.5324624,5.898713900000001
NGA,Nigeria,Lagos,Sub-Saharan Africa,0.303,0.035,8.5,41.1,6.5243793,3.3792057
NGA,Nigeria,Ogun,Sub-Saharan Africa,0.303,0.112,26.4,42.5,6.907529,3.5812692
NIC,Nicaragua,Nueva Segovia,Latin America and Caribbean,0.07200000000000001,0.113,25.4,44.4,13.7894404,-86.0121573
NIC,Nicaragua,Jinotega,Latin America and Caribbean,0.07200000000000001,0.195,40.6,48.1,13.0883907,-85.9993997
NIC,Nicaragua,Madriz,Latin America and Caribbean,0.07200000000000001,0.104,23.5,44.1,13.4726005,-86.4592091
NIC,Nicaragua,Esteli,Latin America and Caribbean,0.07200000000000001,0.048,12.0,40.2,13.0851139,-86.3630197
NIC,Nicaragua,Chinandega,Latin America and Caribbean,0.07200000000000001,0.047,11.9,40.1,12.6234721,-87.1273253
NIC,Nicaragua,Leon,Latin America and Caribbean,0.07200000000000001,0.031,7.2,43.2,12.4315534,-86.87221459999999
NIC,Nicaragua,Matagalpa,Latin America and Caribbean,0.07200000000000001,0.099,22.3,44.5,12.9290069,-85.9151211
NIC,Nicaragua,Boaco,Latin America and Caribbean,0.07200000000000001,0.13,29.1,44.6,12.469284,-85.6614682
NIC,Nicaragua,Managua,Latin America and Caribbean,0.07200000000000001,0.021,4.9,43.4,12.1149926,-86.2361744
NIC,Nicaragua,Masaya,Latin America and Caribbean,0.07200000000000001,0.017,4.3,39.9,11.9704485,-86.0886366
NIC,Nicaragua,Chontales,Latin America and Caribbean,0.07200000000000001,0.08199999999999999,18.5,44.1,11.9394717,-85.1894045
NIC,Nicaragua,Granada,Latin America and Caribbean,0.07200000000000001,0.035,8.7,40.1,11.9344073,-85.9560005
NIC,Nicaragua,Carazo,Latin America and Caribbean,0.07200000000000001,0.025,6.5,37.6,11.7274729,-86.21584969999999
NIC,Nicaragua,Rivas,Latin America and Caribbean,0.07200000000000001,0.036000000000000004,9.5,37.7,11.4326663,-85.8230251
NIC,Nicaragua,Rio San Juan,Latin America and Caribbean,0.07200000000000001,0.133,28.9,46.0,10.911057,-84.3172642
NIC,Nicaragua,RAAN,Latin America and Caribbean,0.07200000000000001,0.173,35.7,48.6,13.8394456,-83.93208059999999
NIC,Nicaragua,RAAS,Latin America and Caribbean,0.07200000000000001,0.132,28.1,47.0,12.1918502,-84.1012861
NPL,Nepal,Central Hill,South Asia,0.126,0.05,11.6,42.6,26.8081234,87.293039
NPL,Nepal,Central Mountain,South Asia,0.126,0.094,23.6,39.6,28.5983159,83.9310623
NPL,Nepal,Central Terai,South Asia,0.126,0.199,42.8,46.5,27.0279438,84.892434
NPL,Nepal,Eastern Hill,South Asia,0.126,0.063,15.6,40.6,27.3309072,87.0624261
NPL,Nepal,Eastern Mountain,South Asia,0.126,0.133,30.9,43.2,45.509598,-122.5896593
NPL,Nepal,Eastern Terai,South Asia,0.126,0.13,30.5,42.7,,
NPL,Nepal,Far-Western Hill,South Asia,0.126,0.226,50.7,44.5,30.48993329999999,-97.76776869999999
NPL,Nepal,Far-Western Mountain,South Asia,0.126,0.14400000000000002,32.8,43.9,29.2987871,80.9871074
NPL,Nepal,Far-WesternTerai,South Asia,0.126,0.092,22.0,41.7,,
NPL,Nepal,MId-Western Hill,South Asia,0.126,0.213,47.5,44.7,45.554551,-122.8356169
NPL,Nepal,MId-Western Mountain,South Asia,0.126,0.28600000000000003,59.5,48.0,28.6070053,81.58439829999999
NPL,Nepal,MId-WesternTerai,South Asia,0.126,0.134,30.3,44.2,29.0164923,82.38857829999999
NPL,Nepal,Western  Hill,South Asia,0.126,0.07200000000000001,16.7,43.3,45.47863539999999,-122.640354
NPL,Nepal,Western  Terai,South Asia,0.126,0.112,25.9,43.3,,
NPL,Nepal,Western Mountain,South Asia,0.126,0.104,26.4,39.2,45.6157704,-122.8053361
PAK,Pakistan,Punjab,South Asia,0.23,0.184,36.6,50.3,31.1704063,72.7097161
PAK,Pakistan,Sindh,South Asia,0.23,0.294,53.2,55.4,25.8943018,68.52471489999999
PAK,Pakistan,Khyber Pakhtunkhwa,South Asia,0.23,0.247,50.1,49.4,34.9526205,72.331113
PAK,Pakistan,Balochistan,South Asia,0.23,0.402,70.6,57.0,28.4907332,65.0957792
PAK,Pakistan,Gilgit Baltistan,South Asia,0.23,0.233,46.9,49.8,35.80256670000001,74.9831808
PAK,Pakistan,Islamabad (ICT),South Asia,0.23,0.039,9.2,42.7,33.6844202,73.04788479999999
PER,Peru,Amazonas,Latin America and Caribbean,0.043,0.096,22.9,42.0,-5.115146,-78.11082789999999
PER,Peru,ðncash,Latin America and Caribbean,0.043,0.044,11.3,39.2,,
PER,Peru,Apurðmac,Latin America and Caribbean,0.043,0.091,23.1,39.5,,
PER,Peru,Arequipa,Latin America and Caribbean,0.043,0.009000000000000001,2.3,38.0,-16.4090474,-71.53745099999999
PER,Peru,Ayacucho,Latin America and Caribbean,0.043,0.071,17.5,40.3,-13.1638737,-74.22356409999999
PER,Peru,Cajamarca,Latin America and Caribbean,0.043,0.08900000000000001,21.7,41.3,-7.1617465,-78.51278549999999
PER,Peru,Callao,Latin America and Caribbean,0.043,0.0,0.0,,-12.0508491,-77.1259843
PER,Peru,Cusco,Latin America and Caribbean,0.043,0.062,15.8,39.0,-13.53195,-71.96746259999999
PER,Peru,Huancavelica,Latin America and Caribbean,0.043,0.122,30.2,40.2,-12.7861978,-74.9764024
PER,Peru,Huðnuco,Latin America and Caribbean,0.043,0.111,26.6,41.9,,
PER,Peru,Ica,Latin America and Caribbean,0.043,0.009000000000000001,2.6,36.3,-14.07546,-75.7341811
PER,Peru,Junðn,Latin America and Caribbean,0.043,0.042,10.1,41.6,,
PER,Peru,La Libertad,Latin America and Caribbean,0.043,0.042,10.0,41.8,-8.143593300000001,-78.4751945
PER,Peru,Lambayeque,Latin America and Caribbean,0.043,0.038,9.2,40.9,-6.7197666,-79.9080757
PER,Peru,Lima,Latin America and Caribbean,0.043,0.004,1.2,36.0,-12.0463731,-77.042754
PER,Peru,Loreto,Latin America and Caribbean,0.043,0.147,32.5,45.2,-4.232472899999999,-74.21793260000001
PER,Peru,Madre de Dios,Latin America and Caribbean,0.043,0.024,6.0,39.6,-11.7668705,-70.81199529999999
PER,Peru,Moquegua,Latin America and Caribbean,0.043,0.014,3.4,39.4,-17.1927361,-70.93281379999999
PER,Peru,Pasco,Latin America and Caribbean,0.043,0.064,15.3,41.6,-10.4475753,-75.1545381
PER,Peru,Piura,Latin America and Caribbean,0.043,0.05,12.0,42.2,-5.1782884,-80.6548882
PER,Peru,Puno,Latin America and Caribbean,0.043,0.069,17.0,40.4,-15.8402218,-70.0218805
PER,Peru,San Martðn,Latin America and Caribbean,0.043,0.061,15.2,40.2,,
PER,Peru,Tacna,Latin America and Caribbean,0.043,0.008,2.2,36.7,-18.0065679,-70.2462741
PER,Peru,Tumbes,Latin America and Caribbean,0.043,0.014,3.7,38.4,-3.5564921,-80.4270885
PER,Peru,Ucayali,Latin America and Caribbean,0.043,0.046,11.0,42.2,-9.8251183,-73.087749
PHL,Philippines,National Capital Region,East Asia and the Pacific,0.052000000000000005,0.026,6.9,38.2,14.6090537,121.0222565
PHL,Philippines,Cordillera Admin Region,East Asia and the Pacific,0.052000000000000005,0.039,8.5,45.7,17.3512542,121.1718851
PHL,Philippines,Ilocos Region,East Asia and the Pacific,0.052000000000000005,0.027000000000000003,6.0,44.7,16.0832144,120.6199895
PHL,Philippines,Cagayan Valley,East Asia and the Pacific,0.052000000000000005,0.039,8.4,46.9,16.9753758,121.8107079
PHL,Philippines,Central Luzon,East Asia and the Pacific,0.052000000000000005,0.035,7.9,44.2,15.4827722,120.7120023
PHL,Philippines,Calabarzon,East Asia and the Pacific,0.052000000000000005,0.029,7.1,40.3,14.1007803,121.0793705
PHL,Philippines,Mimaropa,East Asia and the Pacific,0.052000000000000005,0.091,17.1,53.4,9.843206499999999,118.7364783
PHL,Philippines,Bicol Region,East Asia and the Pacific,0.052000000000000005,0.068,14.6,46.8,13.4209885,123.4136736
PHL,Philippines,Western Visayas,East Asia and the Pacific,0.052000000000000005,0.055,11.4,48.6,11.0049836,122.5372741
PHL,Philippines,Central Visayas,East Asia and the Pacific,0.052000000000000005,0.055,11.2,49.0,10.2968562,123.8886774
PHL,Philippines,Eastern Visayas,East Asia and the Pacific,0.052000000000000005,0.054000000000000006,11.6,46.5,12.2445533,125.0388164
PHL,Philippines,Zamboanga Peninsula,East Asia and the Pacific,0.052000000000000005,0.075,15.6,48.3,8.154077,123.258793
PHL,Philippines,Northern Mindanao,East Asia and the Pacific,0.052000000000000005,0.093,18.0,51.6,8.020163499999999,124.6856509
PHL,Philippines,Davao Peninsula,East Asia and the Pacific,0.052000000000000005,0.066,13.4,49.3,7.3041622,126.0893406
PHL,Philippines,Soccsksargen,East Asia and the Pacific,0.052000000000000005,0.09,17.0,52.7,6.2706918,124.6856509
PHL,Philippines,CARAGA,East Asia and the Pacific,0.052000000000000005,0.069,15.0,45.9,8.801456199999999,125.7406882
PHL,Philippines,Armm,East Asia and the Pacific,0.052000000000000005,0.14,24.9,56.2,6.956831299999999,124.2421597
RWA,Rwanda,East,Sub-Saharan Africa,0.259,0.292,59.6,48.9,-1.9174872,30.4357631
RWA,Rwanda,Kigali City,Sub-Saharan Africa,0.259,0.118,26.3,44.8,-1.9705786,30.1044288
RWA,Rwanda,North,Sub-Saharan Africa,0.259,0.243,51.9,46.8,-1.656166,29.8815203
RWA,Rwanda,South,Sub-Saharan Africa,0.259,0.295,59.9,49.3,-1.940278,29.873888
RWA,Rwanda,West,Sub-Saharan Africa,0.259,0.266,56.0,47.4,-1.940278,29.873888
SDN,Sudan,Blue Nile,Arab States,0.287,0.382,71.8,53.2,11.5860078,34.1531947
SDN,Sudan,Central Darfor,Arab States,0.287,0.501,84.7,59.2,14.3782747,24.9042208
SDN,Sudan,East Darfor,Arab States,0.287,0.481,81.2,59.3,14.3782747,24.9042208
SDN,Sudan,Gadarif,Arab States,0.287,0.404,72.4,55.8,14.024307,35.3685679
SDN,Sudan,Gezira,Arab States,0.287,0.165,34.7,47.7,14.8859611,33.438353
SDN,Sudan,Kassala,Arab States,0.287,0.362,66.1,54.8,15.4581332,36.4039629
SDN,Sudan,Khartoum,Arab States,0.287,0.077,17.6,43.6,15.5006544,32.5598994
SDN,Sudan,North Darfor,Arab States,0.287,0.447,83.2,53.7,15.7661969,24.9042208
SDN,Sudan,North Kordofan,Arab States,0.287,0.328,62.4,52.5,13.8306441,29.4179324
SDN,Sudan,Northern,Arab States,0.287,0.047,11.6,40.6,18.4448963,30.1589303
SDN,Sudan,Red Sea,Arab States,0.287,0.223,44.2,50.4,19.4556063,35.2148469
SDN,Sudan,River Nile,Arab States,0.287,0.092,19.2,48.0,17.1142529,33.7964613
SDN,Sudan,Sinnar,Arab States,0.287,0.277,52.2,53.2,13.567469,33.5672045
SDN,Sudan,South Darfor,Arab States,0.287,0.42,75.8,55.4,11.6488639,24.9042208
SDN,Sudan,South Kordofan,Arab States,0.287,0.422,72.8,57.9,11.1990192,29.4179324
SDN,Sudan,West Darfor,Arab States,0.287,0.458,78.6,58.3,12.8463561,23.0011989
SDN,Sudan,West Kordofan,Arab States,0.287,0.468,80.6,58.1,,
SDN,Sudan,White Nile,Arab States,0.287,0.267,51.7,51.6,13.2403881,32.5372741
SEN,Senegal,Center,Sub-Saharan Africa,0.331,0.449,78.1,57.6,14.72001,-17.465533
SEN,Senegal,North,Sub-Saharan Africa,0.331,0.373,65.1,57.3,14.497401,-14.452362
SEN,Senegal,Ouest,Sub-Saharan Africa,0.331,0.156,31.4,49.6,14.497401,-14.452362
SEN,Senegal,South,Sub-Saharan Africa,0.331,0.425,74.1,57.3,14.497401,-14.452362
SLE,Sierra Leone,Kailahun,Sub-Saharan Africa,0.464,0.537,89.1,60.3,8.0799992,-10.7097867
SLE,Sierra Leone,Kenema,Sub-Saharan Africa,0.464,0.477,84.5,56.5,7.863214699999999,-11.1957172
SLE,Sierra Leone,Kono,Sub-Saharan Africa,0.464,0.511,88.5,57.7,8.7663285,-10.8903099
SLE,Sierra Leone,Bombali,Sub-Saharan Africa,0.464,0.423,78.7,53.8,9.2475837,-12.1632718
SLE,Sierra Leone,Kambia,Sub-Saharan Africa,0.464,0.58,94.3,61.5,9.126166399999999,-12.9176518
SLE,Sierra Leone,Koinadugu,Sub-Saharan Africa,0.464,0.601,93.9,64.1,9.5308619,-11.5248055
SLE,Sierra Leone,Port Loko,Sub-Saharan Africa,0.464,0.522,89.9,58.0,8.768688599999999,-12.7853522
SLE,Sierra Leone,Tonkolili,Sub-Saharan Africa,0.464,0.541,88.9,60.9,8.7389416,-11.7979613
SLE,Sierra Leone,Bo,Sub-Saharan Africa,0.464,0.449,80.1,56.1,7.9551791,-11.7409946
SLE,Sierra Leone,Bonthe,Sub-Saharan Africa,0.464,0.478,85.8,55.7,7.525702799999999,-12.5039922
SLE,Sierra Leone,Moyamba,Sub-Saharan Africa,0.464,0.569,94.6,60.2,8.1620514,-12.4351923
SLE,Sierra Leone,Pujehun,Sub-Saharan Africa,0.464,0.537,91.5,58.7,7.3562993,-11.7210635
SLE,Sierra Leone,Western Rural,Sub-Saharan Africa,0.464,0.319,67.7,47.1,8.3114983,-13.035694
SLE,Sierra Leone,Western Urban,Sub-Saharan Africa,0.464,0.191,41.5,46.1,8.4545561,-13.2432632
SLV,El Salvador,Ahuachapan,Latin America and Caribbean,0.026,0.03,7.4,40.2,13.8216148,-89.9253233
SLV,El Salvador,Cabanas,Latin America and Caribbean,0.026,0.046,11.6,39.8,13.8648288,-88.7493998
SLV,El Salvador,Chalatenango,Latin America and Caribbean,0.026,0.036000000000000004,8.7,41.7,14.0164187,-88.91264489999999
SLV,El Salvador,Cuscatlan,Latin America and Caribbean,0.026,0.025,5.6,44.6,13.8661957,-89.0561532
SLV,El Salvador,La Libertad,Latin America and Caribbean,0.026,0.017,4.0,41.6,13.490697,-89.3084607
SLV,El Salvador,La Paz,Latin America and Caribbean,0.026,0.03,7.3,41.0,13.495364,-88.9796776
SLV,El Salvador,La Union,Latin America and Caribbean,0.026,0.054000000000000006,13.0,41.9,13.3323464,-87.8500644
SLV,El Salvador,Morazan,Latin America and Caribbean,0.026,0.04,10.5,38.4,13.7682,-88.1291387
SLV,El Salvador,San Miguel,Latin America and Caribbean,0.026,0.03,7.1,41.6,13.4792922,-88.1779182
SLV,El Salvador,San Salvador,Latin America and Caribbean,0.026,0.01,2.6,40.3,13.6929403,-89.2181911
SLV,El Salvador,San Vicente,Latin America and Caribbean,0.026,0.02,5.5,36.9,13.6390979,-88.7830612
SLV,El Salvador,Santa Ana,Latin America and Caribbean,0.026,0.027000000000000003,6.1,43.7,13.9778279,-89.56391190000001
SLV,El Salvador,Sonsonate,Latin America and Caribbean,0.026,0.046,10.5,43.8,13.7113876,-89.72390970000001
SLV,El Salvador,Usulutan,Latin America and Caribbean,0.026,0.03,7.3,40.9,13.3453114,-88.4428112
SSD,South Sudan,Upper Nile,Sub-Saharan Africa,0.557,0.503,86.3,58.3,9.8894202,32.7181375
SSD,South Sudan,Jonglei and Unity,Sub-Saharan Africa,0.557,0.628,97.5,64.4,,
SSD,South Sudan,Warap,Sub-Saharan Africa,0.557,0.6609999999999999,98.7,67.0,8.2209308,28.8596804
SSD,South Sudan,Northern Bahr el Ghazal,Sub-Saharan Africa,0.557,0.652,97.4,66.9,8.536044900000002,26.7967849
SSD,South Sudan,Western Bahr el Ghazal,Sub-Saharan Africa,0.557,0.491,84.9,57.9,8.6452399,25.2837585
SSD,South Sudan,Lakes,Sub-Saharan Africa,0.557,0.605,96.9,62.5,6.6030799,29.9740534
SSD,South Sudan,Western Equatoria,Sub-Saharan Africa,0.557,0.456,85.2,53.5,5.3471799,28.299435
SSD,South Sudan,Central Equatoria,Sub-Saharan Africa,0.557,0.391,75.6,51.7,4.6144063,31.2626366
SSD,South Sudan,Eastern Equatoria,Sub-Saharan Africa,0.557,0.561,92.5,60.7,5.0692995,33.438353
STP,Sao Tome and Principe,Regiao Autonoma de Principe,Sub-Saharan Africa,0.081,0.092,22.3,41.5,1.6139381,7.4056928
STP,Sao Tome and Principe,Regiao Centro Este,Sub-Saharan Africa,0.081,0.059,14.3,41.3,0.18636,6.613080999999999
STP,Sao Tome and Principe,Regiao Norte Oeste,Sub-Saharan Africa,0.081,0.132,29.7,44.3,-12.9086972,-38.4434722
STP,Sao Tome and Principe,Regiao Sul Este,Sub-Saharan Africa,0.081,0.117,28.2,41.4,,
SUR,Suriname,Paramaribo,Latin America and Caribbean,0.024,0.006999999999999999,1.9,35.5,5.8520355,-55.2038278
SUR,Suriname,Wanica,Latin America and Caribbean,0.024,0.013,3.5,38.8,5.7323762,-55.2701235
SUR,Suriname,Nickerie,Latin America and Caribbean,0.024,0.012,3.4,34.9,5.5855469,-56.83111169999999
SUR,Suriname,Coronie,Latin America and Caribbean,0.024,0.006,1.7,33.3,5.6943271,-56.2929381
SUR,Suriname,Saramacca,Latin America and Caribbean,0.024,0.011,2.8,39.4,5.7240813,-55.6689636
SUR,Suriname,Commewijne,Latin America and Caribbean,0.024,0.008,2.3,35.3,5.740211,-54.8731219
SUR,Suriname,Marowijne,Latin America and Caribbean,0.024,0.026,6.7,39.3,5.6268128,-54.25931180000001
SUR,Suriname,Para,Latin America and Caribbean,0.024,0.023,6.0,38.4,5.481731799999999,-55.2259207
SUR,Suriname,Brokopondo,Latin America and Caribbean,0.024,0.057,14.5,39.2,4.752409099999999,-55.0272904
SUR,Suriname,Sipaliwini,Latin America and Caribbean,0.024,0.172,38.9,44.1,3.6567382,-56.2035387
SWZ,Swaziland,Hhohho,Sub-Saharan Africa,0.066,0.054000000000000006,12.8,42.0,-26.1365662,31.3541631
SWZ,Swaziland,Lubombo,Sub-Saharan Africa,0.066,0.098,22.7,43.1,-26.7851773,31.8107079
SWZ,Swaziland,Manzini,Sub-Saharan Africa,0.066,0.041,10.2,39.9,-26.5081999,31.3713164
SWZ,Swaziland,Shiselweni,Sub-Saharan Africa,0.066,0.101,24.7,41.0,-26.9827577,31.3541631
SYR,Syrian Arab Republic,Damascus,Arab States,0.016,0.003,0.8,34.1,33.5138073,36.2765279
SYR,Syrian Arab Republic,Halab,Arab States,0.016,0.026,7.1,37.1,36.2021047,37.1342603
SYR,Syrian Arab Republic,Rural Damascus,Arab States,0.016,0.009000000000000001,2.2,40.2,33.5167289,36.954107
SYR,Syrian Arab Republic,Hums,Arab States,0.016,0.006999999999999999,2.1,34.5,34.2567123,38.3165725
SYR,Syrian Arab Republic,Hama,Arab States,0.016,0.01,2.9,34.8,35.1408881,36.7551993
SYR,Syrian Arab Republic,Latequia,Arab States,0.016,0.004,1.1,38.3,35.5407103,35.7952667
SYR,Syrian Arab Republic,Edlb,Arab States,0.016,0.019,5.3,35.9,,
SYR,Syrian Arab Republic,Hasaka,Arab States,0.016,0.028,7.2,38.6,36.507867,40.7462671
SYR,Syrian Arab Republic,Dir Ezor,Arab States,0.016,0.047,12.0,39.2,35.3296518,40.1350341
SYR,Syrian Arab Republic,Tortous,Arab States,0.016,0.0,0.1,33.3,,
SYR,Syrian Arab Republic,Raqa,Arab States,0.016,0.028,7.4,37.6,35.9594106,38.9981052
SYR,Syrian Arab Republic,Daraa,Arab States,0.016,0.011,3.0,35.7,32.626434,36.1033061
SYR,Syrian Arab Republic,As-swidaa,Arab States,0.016,0.002,0.6,35.1,32.7128968,36.5662858
SYR,Syrian Arab Republic,Qonitara,Arab States,0.016,0.011,2.9,37.1,,
TCD,Chad,Barh El Gazal,Sub-Saharan Africa,0.552,0.654,95.7,68.3,14.7702266,16.912251
TCD,Chad,Batha,Sub-Saharan Africa,0.552,0.659,95.7,68.8,13.9371775,18.4276047
TCD,Chad,Borkou/Tibesti,Sub-Saharan Africa,0.552,0.537,89.0,60.4,21.3650031,16.912251
TCD,Chad,Chari Baguirmi,Sub-Saharan Africa,0.552,0.6459999999999999,96.9,66.7,11.2564207,16.1580937
TCD,Chad,Ennedi,Sub-Saharan Africa,0.552,0.625,96.8,64.6,17.5414578,21.8568586
TCD,Chad,GuðRa,Sub-Saharan Africa,0.552,0.643,95.4,67.4,,
TCD,Chad,Hadjer-Lamis,Sub-Saharan Africa,0.552,0.654,95.4,68.6,12.4577273,16.7234639
TCD,Chad,Kanem,Sub-Saharan Africa,0.552,0.696,98.5,70.7,14.8781262,15.4068079
TCD,Chad,Lac,Sub-Saharan Africa,0.552,0.7440000000000001,98.1,75.9,13.6915377,14.1001326
TCD,Chad,Logone Occidental,Sub-Saharan Africa,0.552,0.44,79.1,55.6,8.759675999999999,15.876004
TCD,Chad,Logone Oriental,Sub-Saharan Africa,0.552,0.504,86.3,58.4,8.3149949,16.3463791
TCD,Chad,Mandoul,Sub-Saharan Africa,0.552,0.529,88.1,60.0,8.603091,17.4795173
TCD,Chad,Mayo Kebbi Est,Sub-Saharan Africa,0.552,0.509,86.1,59.2,9.4046039,14.8454619
TCD,Chad,Mayo Kebbi Ouest,Sub-Saharan Africa,0.552,0.479,85.0,56.3,10.4113014,15.5943388
TCD,Chad,Moyen Chari,Sub-Saharan Africa,0.552,0.411,74.1,55.5,9.0639998,18.4276047
TCD,Chad,N'DjamðNa,Sub-Saharan Africa,0.552,0.257,52.7,48.7,,
TCD,Chad,Ouaddað,Sub-Saharan Africa,0.552,0.6829999999999999,95.3,71.7,,
TCD,Chad,Salamat,Sub-Saharan Africa,0.552,0.6779999999999999,97.8,69.4,10.9691601,20.7122465
TCD,Chad,Sila,Sub-Saharan Africa,0.552,0.6970000000000001,98.9,70.4,12.13074,21.2845025
TCD,Chad,Tandjilð,Sub-Saharan Africa,0.552,0.487,84.3,57.7,,
TCD,Chad,Wadi Fira,Sub-Saharan Africa,0.552,0.7090000000000001,99.0,71.6,15.0892416,21.4752851
TGO,Togo,Commune de Lome,Sub-Saharan Africa,0.252,0.067,16.4,40.8,6.1724969,1.2313618
TGO,Togo,Region Maritime,Sub-Saharan Africa,0.252,0.243,50.9,47.6,6.4913504,1.2891036
TGO,Togo,Region des Plateaux,Sub-Saharan Africa,0.252,0.325,62.7,51.8,7.6101378,1.0586135
TGO,Togo,Region Centrale,Sub-Saharan Africa,0.252,0.236,52.5,44.9,8.6586029,1.0586135
TGO,Togo,Region de la Kara,Sub-Saharan Africa,0.252,0.324,63.3,51.3,9.7216393,1.0586135
TGO,Togo,Region des Savanes,Sub-Saharan Africa,0.252,0.439,76.9,57.1,10.5291781,0.5257822999999999
TJK,Tajikistan,Dushanbe,Europe and Central Asia,0.054000000000000006,0.021,6.1,34.5,38.5597722,68.7870384
TJK,Tajikistan,Gorno-Badakhshan Autonomous Oblast,Europe and Central Asia,0.054000000000000006,0.048,12.1,40.0,38.412732,73.087749
TJK,Tajikistan,Sughd,Europe and Central Asia,0.054000000000000006,0.033,8.1,41.2,39.5155326,69.097023
TJK,Tajikistan,Districts of Republican Subordination,Europe and Central Asia,0.054000000000000006,0.045,11.4,39.2,39.0857902,70.2408325
TJK,Tajikistan,Khatlon,Europe and Central Asia,0.054000000000000006,0.086,20.5,41.7,37.9113562,69.097023
TLS,Timor-Leste,Aileu,East Asia and the Pacific,0.36,0.379,73.0,51.9,-8.722408399999999,125.5712576
TLS,Timor-Leste,Ainaro,East Asia and the Pacific,0.36,0.444,79.7,55.7,-9.0113171,125.5220012
TLS,Timor-Leste,Baucau,East Asia and the Pacific,0.36,0.35700000000000004,71.3,50.0,-8.4731006,126.4553727
TLS,Timor-Leste,Bobonaro,East Asia and the Pacific,0.36,0.406,75.9,53.5,-8.9655406,125.2587964
TLS,Timor-Leste,Cova Lima,East Asia and the Pacific,0.36,0.31,62.1,49.9,-9.2650375,125.2587964
TLS,Timor-Leste,Dili,East Asia and the Pacific,0.36,0.127,28.6,44.3,-8.5568557,125.5603143
TLS,Timor-Leste,Ermera,East Asia and the Pacific,0.36,0.4970000000000001,87.0,57.2,-8.806888299999999,125.3466253
TLS,Timor-Leste,Liquica,East Asia and the Pacific,0.36,0.387,70.0,55.3,-8.5891214,125.3411388
TLS,Timor-Leste,Lautem,East Asia and the Pacific,0.36,0.373,73.1,51.0,-8.5531846,126.9970831
TLS,Timor-Leste,Manufahi,East Asia and the Pacific,0.36,0.353,68.4,51.6,-9.0145495,125.8279959
TLS,Timor-Leste,Manatuto,East Asia and the Pacific,0.36,0.295,60.6,48.7,-8.5155608,126.0159255
TLS,Timor-Leste,Oecussi,East Asia and the Pacific,0.36,0.508,86.2,58.9,-9.2970576,124.2866091
TLS,Timor-Leste,Viqueque,East Asia and the Pacific,0.36,0.41,79.0,51.9,-8.8597918,126.3633516
TTO,Trinidad and Tobago,North West,Latin America and Caribbean,0.02,0.023,6.4,35.2,10.691803,-61.222503
TTO,Trinidad and Tobago,Eastern,Latin America and Caribbean,0.02,0.026,7.2,35.9,10.3757217,-61.23355919999999
TTO,Trinidad and Tobago,North Central,Latin America and Caribbean,0.02,0.02,5.7,34.4,10.691803,-61.222503
TTO,Trinidad and Tobago,South West,Latin America and Caribbean,0.02,0.016,4.3,36.2,10.175269,-61.465587
TTO,Trinidad and Tobago,Tobago,Latin America and Caribbean,0.02,0.019,5.4,34.3,11.2336911,-60.69889089999999
TZA,"Tanzania, United Republic of",Central,Sub-Saharan Africa,0.284,0.332,66.1,50.2,-6.369028,34.888822
TZA,"Tanzania, United Republic of",Eastern,Sub-Saharan Africa,0.284,0.145,31.7,45.6,-6.369028,34.888822
TZA,"Tanzania, United Republic of",Lake,Sub-Saharan Africa,0.284,0.34600000000000003,66.7,51.9,-6.2555679,29.5107708
TZA,"Tanzania, United Republic of",Northern,Sub-Saharan Africa,0.284,0.2,41.6,48.0,40.7566997,-73.9664629
TZA,"Tanzania, United Republic of",South West Highlands,Sub-Saharan Africa,0.284,0.312,64.2,48.6,-6.369028,34.888822
TZA,"Tanzania, United Republic of",Southern,Sub-Saharan Africa,0.284,0.29600000000000004,61.8,47.9,-6.369028,34.888822
TZA,"Tanzania, United Republic of",Southern Highlands,Sub-Saharan Africa,0.284,0.226,50.3,44.9,-9.166699999999999,34.5167
TZA,"Tanzania, United Republic of",Western,Sub-Saharan Africa,0.284,0.397,72.1,55.1,,
TZA,"Tanzania, United Republic of",Zanzibar,Sub-Saharan Africa,0.284,0.14300000000000002,30.5,46.9,-6.135729500000001,39.3621196
UGA,Uganda,Kampala,Sub-Saharan Africa,0.3670000000000001,0.076,17.3,43.9,0.3475964,32.5825197
UGA,Uganda,Central 1,Sub-Saharan Africa,0.3670000000000001,0.3,59.5,50.4,0.2540775,31.99280779999999
UGA,Uganda,Central 2,Sub-Saharan Africa,0.3670000000000001,0.294,61.0,48.3,0.3729261,32.6357573
UGA,Uganda,East Central,Sub-Saharan Africa,0.3670000000000001,0.371,74.7,49.7,0.2540775,31.99280779999999
UGA,Uganda,Eastern,Sub-Saharan Africa,0.3670000000000001,0.417,81.7,51.1,1.2692186,33.438353
UGA,Uganda,North,Sub-Saharan Africa,0.3670000000000001,0.431,78.0,55.2,2.8780034,32.7181375
UGA,Uganda,Karamoja,Sub-Saharan Africa,0.3670000000000001,0.634,96.5,65.7,2.8308738,34.1531947
UGA,Uganda,West Nile,Sub-Saharan Africa,0.3670000000000001,0.484,84.9,57.0,0.3157239,32.575568
UGA,Uganda,Western,Sub-Saharan Africa,0.3670000000000001,0.34600000000000003,67.9,50.9,0.2580521,30.5279096
UGA,Uganda,Southwest,Sub-Saharan Africa,0.3670000000000001,0.4,74.6,53.6,1.373333,32.290275
UZB,Uzbekistan,Western,Europe and Central Asia,0.008,0.006999999999999999,2.0,34.3,41.3069797,69.2833793
UZB,Uzbekistan,Central,Europe and Central Asia,0.008,0.011,3.2,36.0,41.377491,64.585262
UZB,Uzbekistan,Southern,Europe and Central Asia,0.008,0.016,4.1,38.6,41.377491,64.585262
UZB,Uzbekistan,Central-Eastern,Europe and Central Asia,0.008,0.004,1.1,34.7,,
UZB,Uzbekistan,Eastern,Europe and Central Asia,0.008,0.006,1.7,34.4,41.377491,64.585262
UZB,Uzbekistan,Tashkent,Europe and Central Asia,0.008,0.001,0.4,33.3,41.2994958,69.2400734
VNM,Viet Nam,Red River Delta,East Asia and the Pacific,0.029,0.013,3.8,34.8,22.4363415,103.8718572
VNM,Viet Nam,Northern Midlands and Mountain area,East Asia and the Pacific,0.029,0.064,14.4,44.7,,
VNM,Viet Nam,North Central and Central Coastal area,East Asia and the Pacific,0.029,0.024,6.3,38.8,17.9459438,105.9699878
VNM,Viet Nam,Central Highlands,East Asia and the Pacific,0.029,0.057,12.8,44.3,13.0635025,108.2377519
VNM,Viet Nam,South East,East Asia and the Pacific,0.029,0.017,4.4,39.1,11.2136337,106.912251
VNM,Viet Nam,Mekong River Delta,East Asia and the Pacific,0.029,0.03,7.5,39.7,10.063363,105.5943388
YEM,Yemen,Ibb,Arab States,0.236,0.2,41.9,47.7,13.9720929,44.1625338
YEM,Yemen,Abyan,Arab States,0.236,0.136,29.8,45.7,13.6343413,46.0563212
YEM,Yemen,Sanaa City,Arab States,0.236,0.057,14.3,39.6,15.3694451,44.1910066
YEM,Yemen,Al-Baidha,Arab States,0.236,0.191,38.0,50.3,13.9889146,45.5771002
YEM,Yemen,Taiz,Arab States,0.236,0.207,41.4,50.1,13.5775886,44.0177989
YEM,Yemen,Al-Jawf,Arab States,0.236,0.214,46.4,46.1,16.7901819,45.29938620000001
YEM,Yemen,Hajjah,Arab States,0.236,0.447,76.0,58.8,15.7030403,43.6039301
YEM,Yemen,Al-Hodiedah,Arab States,0.236,0.343,62.2,55.1,14.7909118,42.9708838
YEM,Yemen,Hadramout,Arab States,0.236,0.12,26.5,45.1,16.9304135,49.36531489999999
YEM,Yemen,Dhamar,Arab States,0.236,0.325,60.9,53.4,14.5455447,44.4087348
YEM,Yemen,Shabwah,Arab States,0.236,0.163,36.6,44.4,14.7546303,46.516262
YEM,Yemen,Sadah,Arab States,0.236,0.278,56.1,49.5,16.9509413,43.7477743
YEM,Yemen,Sanaa,Arab States,0.236,0.255,51.5,49.6,15.3694451,44.1910066
YEM,Yemen,Aden,Arab States,0.236,0.062,15.0,41.1,12.7854969,45.0186548
YEM,Yemen,Lahj,Arab States,0.236,0.17600000000000002,36.3,48.4,13.1489588,44.8505495
YEM,Yemen,Mareb,Arab States,0.236,0.214,45.9,46.7,15.4700312,45.3228575
YEM,Yemen,Al-Mhweit,Arab States,0.236,0.349,64.6,54.0,15.4687838,43.5462744
YEM,Yemen,Al-Mhrah,Arab States,0.236,0.105,21.6,48.8,16.5238423,51.6834275
YEM,Yemen,Amran,Arab States,0.236,0.322,60.2,53.6,16.2569214,43.9436788
YEM,Yemen,Aldhalae,Arab States,0.236,0.2,42.4,47.1,13.7032564,44.7334536
YEM,Yemen,Reimah,Arab States,0.236,0.381,72.4,52.6,14.883333,43.55
ZMB,Zambia,Central,Sub-Saharan Africa,0.281,0.292,59.9,48.8,-14.3112263,28.299435
ZMB,Zambia,Copperbelt,Sub-Saharan Africa,0.281,0.158,34.1,46.3,-13.0570073,27.5495846
ZMB,Zambia,Eastern,Sub-Saharan Africa,0.281,0.369,71.4,51.7,-13.8056187,31.99280779999999
ZMB,Zambia,Luapula,Sub-Saharan Africa,0.281,0.392,75.9,51.6,-11.564831,29.0459927
ZMB,Zambia,Lusaka,Sub-Saharan Africa,0.281,0.112,26.0,42.9,-15.3875259,28.3228165
ZMB,Zambia,Muchinga,Sub-Saharan Africa,0.281,0.368,72.0,51.2,-15.3780734,28.2579161
ZMB,Zambia,Northern,Sub-Saharan Africa,0.281,0.397,75.6,52.6,-9.7670177,30.8958242
ZMB,Zambia,North Western,Sub-Saharan Africa,0.281,0.334,67.3,49.7,-13.0050258,24.9042208
ZMB,Zambia,Southern,Sub-Saharan Africa,0.281,0.301,62.1,48.5,-16.9620634,26.419389
ZMB,Zambia,Western,Sub-Saharan Africa,0.281,0.399,76.2,52.3,-15.9454906,23.3823545
ZWE,Zimbabwe,Bulawayo,Sub-Saharan Africa,0.152,0.014,3.8,36.8,-20.1325066,28.626479
ZWE,Zimbabwe,Harare,Sub-Saharan Africa,0.152,0.038,9.6,39.8,-17.8251657,31.03351
ZWE,Zimbabwe,Manicaland,Sub-Saharan Africa,0.152,0.168,39.1,42.9,-18.9216386,32.174605
ZWE,Zimbabwe,Mashonaland Central,Sub-Saharan Africa,0.152,0.21,48.0,43.8,-16.7644295,31.0793705
ZWE,Zimbabwe,Mashonaland East,Sub-Saharan Africa,0.152,0.14,33.5,41.9,-18.5871642,31.2626366
ZWE,Zimbabwe,Mashonaland West,Sub-Saharan Africa,0.152,0.192,43.7,44.1,-17.4851029,29.7889248
ZWE,Zimbabwe,Masvingo,Sub-Saharan Africa,0.152,0.174,38.9,44.7,-20.0791909,30.8384093
ZWE,Zimbabwe,Matabeleland North,Sub-Saharan Africa,0.152,0.238,53.4,44.5,-18.5331566,27.5495846
ZWE,Zimbabwe,Matabeleland South,Sub-Saharan Africa,0.152,0.16399999999999998,38.2,42.8,-21.052337,29.0459927
ZWE,Zimbabwe,Midlands,Sub-Saharan Africa,0.152,0.17600000000000002,40.5,43.5,-19.0552009,29.6035495
